Kata,Frekuensi
halal,4011
sertifikasi,2393
haram,1914
produk,1709
indonesia,1185
makan,1030
mui,934
ulama,824
majelis,732
bpom,492
usaha,322
urus,272
muslim,258
babi,243
fatwa,243
bpjph,240
pakai,235
ketua,234
islam,232
umkm,225
minum,221
jual,218
bahan,216
laku,207
negara,199
banget,196
label,196
jamin,195
orang,194
wajib,192
amp,186
masyarakat,180
sertifikat,175
proses,174
agama,167
sih,167
bantu,162
non,150
konsumen,149
percaya,145
duit,143
kandung,143
bikin,141
perintah,140
nama,136
kayak,134
program,133
pasar,133
mayoritas,129
aman,128
mudah,128
beli,127
kah,126
nih,126
gratis,126
hukum,124
tingkat,118
tau,117
hasil,116
tuju,115
terima,113
lengkap,112
dukung,112
kabupaten,111
umat,111
barang,108
kuat,107
gue,107
kota,106
izin,104
hadir,104
kerja,102
cari,98
salah,92
jawa,92
ayam,92
anak,91
lembaga,90
jakarta,89
kasih,88
konsumsi,88
uang,88
biar,85
provinsi,84
resmi,83
kualitas,83
layan,83
keluar,82
pilih,81
konstitusi,81
badan,78
masuk,78
harga,78
sesuai,77
atur,77
alkohol,77
bidang,77
wakil,77
nasional,76
buka,75
dunia,74
penuh,74
edar,74
negeri,73
bilang,73
dll,72
selamat,72
nyata,71
rakyat,70
haikal,70
milik,69
cepat,69
nilai,69
kait,69
sound,69
biaya,68
selenggara,68
langkah,68
bisnis,67
daftar,67
coba,66
langsung,66
tuh,66
produksi,65
jaga,65
baca,65
menteri,65
daging,64
paham,64
kepala,64
kosmetik,62
butuh,62
moga,62
horeg,62
dasar,61
luas,61
bukti,61
timur,61
bentuk,60
syariah,60
rumah,59
israel,59
mbak,58
daerah,58
logo,58
giat,58
standar,57
industri,57
pimpin,55
anwar,54
cokelat,54
gelar,53
jalan,52
damping,52
beda,52
ekonomi,51
dorong,51
olah,50
bebas,50
kantor,50
tinggal,50
kecuali,49
sukses,49
kadang,49
pangan,48
kembang,48
ambil,48
pajak,48
lihat,48
jabat,48
dewan,48
halalharam,47
komitmen,47
kelas,47
alat,47
manfaat,47
kak,47
mah,47
musyawarah,47
ajar,46
kolaborasi,46
buat,46
sembelih,45
saing,45
dapur,45
awas,45
warga,45
lindung,45
temu,45
global,45
bayar,44
anggap,44
bangsa,44
jasa,44
goreng,44
kunjung,44
mending,43
legal,43
tulis,43
presiden,43
pusat,43
gizi,43
laksana,43
kemenag,43
ormas,43
korupsi,43
cek,42
produsen,42
dagang,42
guna,42
babe,42
daya,41
tipu,41
ikut,41
pikir,41
camat,41
oktober,40
nonhalal,40
informasi,40
contoh,40
larang,40
tanah,40
iskandar,40
iya,39
kali,39
kulkas,39
unsur,39
khusus,39
sehat,39
resto,39
juta,39
nomor,39
ganti,39
acara,39
kena,39
video,39
keras,39
cream,39
publik,38
syariat,38
ribet,38
tambah,38
tarik,37
dapat,37
barat,37
turun,37
lingkung,37
libat,37
bri,37
periode,37
bangun,36
yuk,36
baik,36
rokok,36
isi,36
boikot,36
umk,35
fokus,35
ubah,35
manusia,35
bersih,35
omong,35
tindak,35
allah,35
lolos,34
haji,34
latih,34
hubung,34
wilayah,34
aku,34
hidup,34
wardah,34
aceh,34
mana,33
sistem,33
suka,33
silaturahmi,33
lokal,32
baku,32
maju,32
upaya,32
najis,32
terap,32
tetap,32
tenang,32
peran,32
mesti,32
internasional,32
online,32
aji,32
riba,32
syarat,31
pasti,31
sah,31
aju,31
tentu,31
kapolres,31
konsultan,30
kafir,30
satu,30
harap,30
peluang,30
guru,30
cuan,30
bank,30
palestina,30
bawa,29
sinergi,29
langgar,29
masak,29
sosial,29
wujud,29
sumber,28
ada,28
tanggung,28
enak,28
ekosistem,28
kemas,28
ruang,28
regulasi,28
bina,28
rabu,28
lppom,28
cocok,28
tangerang,28
tolak,28
aksi,28
serum,28
perlu,27
info,27
raih,27
malaysia,27
keren,27
apa,27
peduli,27
dah,27
glow,27
body,27
doang,26
terang,26
aneh,26
fasilitas,26
audit,26
pork,26
jadi,26
benar,26
terbit,26
sikap,26
prabowo,26
muka,26
btn,26
krim,26
lantan,26
batas,25
ragu,25
solo,25
kontaminasi,25
status,25
bicara,25
the,25
susah,25
isu,25
ramai,25
selatan,25
wafer,25
makananminuman,24
paksa,24
abang,24
tugas,24
mantap,24
sppg,24
obat,24
tempat,24
layak,24
ahmad,24
impor,24
utama,24
loh,24
jujur,24
hewan,24
malu,24
dampak,24
bahas,24
adil,24
prof,24
bencana,24
munas,24
mie,23
gibran,23
prinsip,23
minyak,23
teman,23
menu,23
kapai,23
bir,23
bagus,23
november,23
luncur,23
pegawai,23
qurban,23
brand,23
takut,22
pabrik,22
akses,22
apresiasi,22
rapat,22
konsep,22
edukasi,22
ngawi,22
restoran,22
lapas,22
amerika,22
gampang,22
and,22
tanda,22
susu,22
masjid,22
alas,22
bahaya,22
jatim,22
hotel,22
capai,22
jajar,22
damai,22
kau,22
lotion,22
tembus,22
asas,22
mikro,21
ulang,21
uji,21
air,21
cuman,21
permen,21
pas,21
bekas,21
kamis,21
serta,21
ibadah,21
lard,21
rupa,21
pegang,21
keluarga,21
bakso,21
sapi,21
bijak,21
kaya,21
biskuit,21
bas,21
jelas,21
roti,21
tokoh,21
dakwah,21
milad,21
pesantren,21
gula,21
skin,21
polis,21
dadah,21
rusak,20
instan,20
ketat,20
suruh,20
tahu,20
nyaman,20
selasa,20
deh,20
halo,20
repot,20
otak,20
asli,20
alam,20
media,20
undang,20
kenal,20
erti,20
rangka,20
jenderal,20
asrorun,20
kemenkum,20
dki,20
subsidi,20
salut,20
ilegal,20
brightening,20
tolol,20
beban,19
dosa,19
hindar,19
tahan,19
sorot,19
sakit,19
mari,19
ekspor,19
hak,19
main,19
gaada,19
digital,19
ingat,19
bal,19
didik,19
komisi,19
dalam,19
asih,19
campur,19
suara,19
forum,19
niam,19
kunci,19
aktivis,19
kesah,19
nak,19
balik,18
sulit,18
doa,18
perhati,18
hasan,18
tahap,18
dpr,18
banding,18
sedia,18
tutup,18
food,18
aneka,18
respons,18
periksa,18
diri,18
asal,18
efisien,18
alur,18
imbau,18
kanwil,18
putus,18
serah,18
strategis,18
zakat,18
rukun,18
akbp,18
diam,18
desak,18
wapres,18
raja,18
stroberi,18
bright,18
wang,18
saji,17
akal,17
dikit,17
besar,17
murah,17
jenis,17
baru,17
sila,17
cantum,17
sifat,17
gaco,17
jangkau,17
benarbenar,17
banyak,17
semangat,17
hati,17
lahir,17
tanggap,17
bupati,17
utara,17
alhamdulillah,17
khidmat,17
sik,17
bela,17
panggang,17
jepang,16
rantai,16
kaji,16
minoritas,16
polisi,16
cegah,16
berkah,16
senin,16
dengar,16
kemarin,16
palsu,16
warung,16
tolong,16
berita,16
sektor,16
muda,16
surabaya,16
bingung,16
simak,16
hilang,16
bodoh,16
mikir,16
mahal,16
day,16
perkara,16
rugi,16
pungli,16
sebar,16
raya,16
jumat,16
sertif,16
musda,16
bpn,16
sekretaris,16
tanggulang,16
sumatera,16
muhammad,16
alih,16
ajak,16
nahdlatul,16
kumpul,16
klaim,16
trenggalek,16
manis,16
with,16
acne,16
sukarela,15
distribusi,15
ribu,15
kab,15
pisah,15
henti,15
sadar,15
tim,15
cuci,15
kulit,15
mata,15
miras,15
goblok,15
untung,15
toko,15
viral,15
malang,15
konten,15
kondisi,15
asumsi,15
merek,15
zat,15
simpan,15
pbnu,15
hai,15
kelapa,15
berat,15
gua,15
habis,15
skincare,15
pasal,15
lanjut,15
asia,15
khamr,15
tema,15
inovasi,15
aula,15
link,15
salur,15
sabtu,15
gaza,15
muhammadiyah,15
cholil,15
sambal,15
diskon,15
bandung,14
teh,14
racun,14
haccp,14
jabar,14
tegas,14
gedung,14
malam,14
guys,14
sosialisasi,14
serius,14
desa,14
mutu,14
kagak,14
sebut,14
pidana,14
teknologi,14
wali,14
banten,14
kritik,14
transparan,14
timbang,14
berani,14
otomatis,14
buku,14
maksud,14
nabi,14
potong,14
muncul,14
bayang,14
seru,14
gerak,14
efektif,14
oleh,14
kukuh,14
organisasi,14
tangan,14
abdul,14
munafik,14
bohong,14
agustus,14
juang,14
sekolah,14
merdeka,14
ampgurungajipunyarumahkarnabtn,14
ikan,14
night,14
gel,14
situ,14
pempengaruh,14
gambar,13
logika,13
dana,13
kocak,13
lemak,13
lho,13
kategori,13
lintas,13
bagi,13
rutan,13
mitra,13
sejahtera,13
cakup,13
taat,13
bahasa,13
maaf,13
rencana,13
china,13
pertamina,13
gus,13
via,13
anggota,13
setan,13
tengah,13
puluh,13
hari,13
kabar,13
minggu,13
padang,13
zionis,13
beliau,13
cap,13
sambut,13
laut,13
mercure,13
akibat,13
pbb,13
sholeh,13
wakaf,13
kecam,13
potensi,13
jadah,13
neraka,13
kacang,13
saus,13
reguler,13
vape,13
kuasa,13
jajan,12
gede,12
btw,12
kuliner,12
modal,12
boleh,12
slhs,12
langgan,12
perempuan,12
legalitas,12
banjir,12
gatau,12
khas,12
widuran,12
ijazah,12
duga,12
alias,12
jatuh,12
marah,12
komposisi,12
kurang,12
stempel,12
tawar,12
surat,12
komunikasi,12
kaum,12
konteks,12
lepas,12
market,12
sejarah,12
gagal,12
koordinasi,12
wahid,12
korban,12
positif,12
judi,12
audiensi,12
naf,12
polres,12
kuta,12
jarah,12
gera,12
darah,12
ruu,12
keju,12
abc,12
ringan,12
white,12
care,12
beer,12
nder,12
dedah,12
ingredients,11
pengin,11
suci,11
duduk,11
patut,11
pasok,11
polri,11
higienis,11
warteg,11
lapor,11
lph,11
tertib,11
elektronik,11
tekan,11
verifikasi,11
usul,11
jakim,11
depan,11
teliti,11
cerita,11
self,11
korup,11
ayo,11
data,11
nganjuk,11
aspek,11
poin,11
aware,11
senang,11
pribadi,11
telur,11
mas,11
nikmat,11
bangga,11
gresik,11
transparansi,11
seminar,11
anjing,11
sanksi,11
thailand,11
fakta,11
banda,11
jaksa,11
klik,11
nusron,11
subianto,11
ancol,11
tambun,11
amanah,11
niat,11
tuntut,11
juli,11
emas,11
bintang,11
warna,11
rujuk,11
menang,11
anjir,11
akad,11
undangundang,11
kuk,11
herbal,11
aoka,11
afiliasi,11
jogja,11
whitening,11
wash,11
bulu,11
syubhat,11
free,10
aktif,10
promosi,10
kitab,10
ketimbang,10
bar,10
angkat,10
iso,10
implementasi,10
anakanak,10
jalin,10
demokrasi,10
lampung,10
hapus,10
mahasiswa,10
sahabat,10
lulus,10
hewani,10
nonmuslim,10
bumbu,10
import,10
ramadan,10
kosher,10
gausah,10
sayang,10
buah,10
dar,10
fiqih,10
ajang,10
plus,10
dalil,10
investasi,10
standart,10
wkwkwk,10
jilat,10
praktik,10
buruk,10
gencar,10
pratama,10
tri,10
diskusi,10
cerdas,10
tjsl,10
abbas,10
erat,10
gubernur,10
rusa,10
lantik,10
sama,10
ukhuwah,10
politik,10
moral,10
batu,10
republik,10
susul,10
intelektual,10
fitnah,10
penting,10
jateng,10
vanila,10
chocolate,10
lunak,10
promo,10
premium,10
tumbuh,10
lip,10
beauty,10
facial,10
kompetitif,10
essence,10
niaga,10
dokumen,10
fufufafa,10
minimal,9
kelola,9
ahli,9
apel,9
pagi,9
september,9
nib,9
asing,9
belah,9
baju,9
mirin,9
sebab,9
sni,9
proyek,9
lupa,9
strategi,9
curang,9
budaya,9
min,9
gelatin,9
pantau,9
khawatir,9
beri,9
konsultasi,9
center,9
pokok,9
pandang,9
nemu,9
definisi,9
indak,9
kejar,9
narasi,9
arah,9
gpp,9
entar,9
kakak,9
awal,9
dpp,9
sekjen,9
aliansi,9
bengkulu,9
akp,9
rais,9
pandu,9
cinta,9
generasi,9
tuai,9
mati,9
turut,9
kondusifitas,9
tengok,9
musik,9
rekening,9
keliru,9
sertipikasi,9
tunggu,9
sepenuh,9
simpul,9
makruh,9
strawberry,9
guan,9
kat,9
roll,9
yupi,9
integritas,9
kopi,9
vaksin,9
collagen,9
soap,9
suap,9
wine,9
iklan,9
gabisa,9
kuas,9
rum,9
tikus,8
level,8
hemat,8
coklat,8
sentuh,8
stiker,8
protes,8
pancasila,8
belanja,8
semarang,8
minat,8
segar,8
sanitasi,8
masalah,8
produkproduk,8
medan,8
lokasi,8
serang,8
colong,8
bro,8
dsb,8
sepatu,8
simple,8
sana,8
ranah,8
motivasi,8
jaya,8
yogyakarta,8
selesai,8
target,8
kerjasama,8
bbm,8
kesan,8
segi,8
yakin,8
declare,8
pasu,8
korea,8
group,8
siap,8
nusantara,8
masakan,8
pro,8
ham,8
insya,8
kriteria,8
hancur,8
ramen,8
humas,8
singgung,8
tani,8
mpu,8
palu,8
unggul,8
simpang,8
desember,8
dermawan,8
atrbpn,8
kirim,8
komunitas,8
buang,8
kiai,8
duka,8
ppatk,8
amin,8
maruf,8
saudara,8
umum,8
struktur,8
inti,8
harmonis,8
mandiri,8
hakim,8
tebing,8
bubar,8
ucap,8
kristen,8
lawan,8
pondok,8
tangkap,8
jokowi,8
gila,8
pol,8
spanduk,8
pulau,8
kawal,8
kapolsek,8
tapera,8
mhi,8
tiada,8
anugerah,8
terna,8
gabung,8
madrasah,8
syafii,8
ganggu,8
fungsi,8
akidah,8
ketemu,8
makasih,8
admin,8
ilmu,8
jeruk,8
ide,8
kesihatan,8
karet,8
jeli,8
original,8
oil,8
halawa,8
lazada,8
lightening,8
you,8
spot,8
mewah,8
bacon,8
awam,8
mabuk,8
busuk,8
sengaja,8
dilabelin,8
kotor,8
pakan,8
besok,7
sok,7
jelek,7
gas,7
rancang,7
lapis,7
stop,7
chef,7
padu,7
era,7
kue,7
obatobatan,7
alami,7
kawasan,7
bismillah,7
farmasi,7
parah,7
kkn,7
hijab,7
opini,7
sushi,7
bakar,7
rutin,7
lahan,7
eropa,7
hahaha,7
naik,7
tanggal,7
picu,7
riset,7
vegan,7
milu,7
gandeng,7
depag,7
ente,7
nun,7
sayur,7
simpel,7
customer,7
sasar,7
asosiasi,7
kudu,7
oknum,7
harmoni,7
halhal,7
rekomendasi,7
istimewa,7
jelasin,7
akun,7
varian,7
lancar,7
pengaruh,7
partai,7
transaksi,7
administrasi,7
cabut,7
ujung,7
kudus,7
wenang,7
sumpah,7
saran,7
iib,7
direktorat,7
waras,7
musyawarat,7
polsek,7
dekat,7
putih,7
sepakat,7
ossy,7
mabroer,7
segenap,7
dmi,7
sungai,7
arab,7
otoritas,7
patuh,7
bumi,7
pemda,7
amirsyah,7
bimbing,7
rezim,7
kuota,7
salam,7
bangkai,7
aam,7
ali,7
tinggi,7
tuduh,7
ketenagakerjaan,7
tentang,7
minta,7
mohon,7
tembakau,7
abu,7
cipta,7
materi,7
ikat,7
nila,7
sukabumi,7
bogor,7
kitabisa,7
butir,7
nabati,7
skinsol,7
bionature,7
lemon,7
chupa,7
chups,7
anggur,7
pedas,7
cabe,7
mangga,7
kering,7
bau,7
mint,7
coffee,7
bareng,7
marketing,7
rana,7
super,7
post,7
vitamin,7
glowing,7
hanasui,7
oky,7
rapi,7
gantung,7
nikah,7
illegal,7
root,7
rampas,7
cacat,7
babit,7
mulyono,7
ribut,7
plis,7
benda,7
mubah,7
gerombol,7
indikasi,7
lomba,6
tuang,6
syukur,6
bawah,6
logis,6
dinas,6
kritis,6
evaluasi,6
satgas,6
bgn,6
dprd,6
tantang,6
iia,6
auditor,6
tunda,6
jilbab,6
agus,6
krusial,6
sesat,6
hassan,6
catat,6
sender,6
nya,6
ternak,6
oke,6
platform,6
gilir,6
iblis,6
chinese,6
kaki,6
cabang,6
narasumber,6
tuhan,6
control,6
yahudi,6
tanam,6
staf,6
seksi,6
jaman,6
benci,6
angciu,6
sunnah,6
influencer,6
ladang,6
memang,6
pasca,6
sederhana,6
wisata,6
ukm,6
sempat,6
tempel,6
teriak,6
repotrepot,6
ekstra,6
cmiiw,6
fampb,6
laptop,6
lekat,6
bpk,6
pecah,6
ancam,6
logistik,6
anut,6
sampang,6
mantan,6
purwakarta,6
penasaran,6
rilis,6
datang,6
kantong,6
universitas,6
jph,6
probolinggo,6
tni,6
karya,6
instansi,6
kec,6
hindu,6
sampah,6
belitung,6
sob,6
puncak,6
akbar,6
abdullah,6
kexi,6
pademangan,6
irjen,6
nyinyir,6
bnn,6
elham,6
wajar,6
tradisi,6
kalang,6
for,6
kelompok,6
polda,6
dai,6
kontribusi,6
babel,6
bin,6
hormat,6
discussion,6
fgd,6
kes,6
modern,6
jamaah,6
pasang,6
bpjs,6
anti,6
rombong,6
syiar,6
bersamasama,6
etika,6
juara,6
duta,6
ustad,6
santoso,6
operasional,6
mulut,6
genosida,6
blokir,6
agenda,6
lapang,6
pemkot,6
bangsat,6
iran,6
transformasi,6
polemik,6
pasuruan,6
lampau,6
dungu,6
bhayangkara,6
bawang,6
hadis,6
luar,6
iman,6
makzul,6
crystal,6
harum,6
khong,6
rumput,6
almond,6
big,6
babol,6
candy,6
saham,6
usahawan,6
kilang,6
choco,6
tokped,6
paket,6
rambut,6
hair,6
risiko,6
iktiraf,6
laris,6
jelly,6
daily,6
registrasi,6
faham,6
tiktok,6
sunscreen,6
mask,6
mancanegara,6
pintu,6
pesan,6
digitalisasi,6
rasa,6
praktek,6
asa,6
judol,6
bansos,6
mohd,6
yusoff,6
gubah,6
wajah,6
tubuh,6
remaja,6
model,6
aib,6
akan,6
argumen,6
bego,6
kasi,6
mamat,6
buzzer,6
aktiviti,6
soju,6
setor,6
birokrasi,6
sihalal,6
kian,5
kontroversi,5
kimia,5
euy,5
cuannya,5
peras,5
kucing,5
tambang,5
good,5
sibuk,5
papar,5
bodo,5
murni,5
ijin,5
prioritas,5
lezat,5
independen,5
basah,5
mei,5
gaji,5
inisiatif,5
jam,5
snack,5
gudang,5
perilaku,5
cak,5
mesin,5
alcohol,5
rendah,5
aplikasi,5
tepung,5
sekian,5
jurnalpatrolinews,5
jebak,5
sanggup,5
lumayan,5
menghimbau,5
mobil,5
kaidah,5
resiko,5
its,5
kasihan,5
saking,5
tenaga,5
relevan,5
kontak,5
marshmallow,5
filipina,5
yahya,5
silang,5
lebar,5
hambat,5
administratif,5
survei,5
critical,5
seharihari,5
healthy,5
hygiene,5
solid,5
barokah,5
faktor,5
auto,5
musti,5
mainin,5
siasat,5
kontrol,5
maslahat,5
kalimat,5
cemar,5
heran,5
berantas,5
huni,5
gegara,5
banjarbaru,5
alergi,5
januari,5
resah,5
kampanye,5
xxi,5
sobat,5
tonton,5
rata,5
tajuk,5
rezeki,5
yes,5
stay,5
guling,5
ayat,5
tahun,5
ktp,5
suluh,5
umrah,5
kpu,5
teguh,5
fenomena,5
denpasar,5
wamen,5
tapanuli,5
sumut,5
untuk,5
longsor,5
darurat,5
titik,5
drs,5
panjat,5
mou,5
uin,5
kedungwaringin,5
buya,5
mundur,5
masingmasing,5
gharar,5
polewali,5
pks,5
konsisten,5
sudarnoto,5
assalamualaikum,5
nasution,5
akhyar,5
debat,5
quran,5
sungguh,5
aziz,5
cium,5
masduki,5
baidlowi,5
tegak,5
lgbt,5
ustaz,5
hadiah,5
focus,5
reksadana,5
akhlak,5
celaka,5
puji,5
jajah,5
ponpes,5
tayang,5
senam,5
pekan,5
senjata,5
kukar,5
kartanegara,5
binmas,5
halang,5
wkwk,5
tukar,5
kendali,5
situasi,5
founder,5
kondusif,5
institusi,5
nepotisme,5
koruptor,5
soal,5
maksiat,5
yayasan,5
ratus,5
citra,5
negaranegara,5
klarifikasi,5
kembali,5
mutlak,5
pinjam,5
grup,5
lebih,5
pesta,5
perut,5
postingan,5
batal,5
akhirat,5
arbain,5
nawawi,5
zulfa,5
mostafa,5
tradisional,5
toleransi,5
pindah,5
walls,5
serbuk,5
box,5
sawit,5
pop,5
asuransi,5
creamy,5
ala,5
extra,5
masif,5
silver,5
queen,5
biscuit,5
nissin,5
tara,5
hitam,5
matcha,5
gigi,5
bio,5
shampoo,5
milk,5
mentah,5
what,5
google,5
this,5
product,5
moisturizing,5
baby,5
acid,5
ntt,5
top,5
awards,5
originote,5
booster,5
pure,5
kalon,5
black,5
cina,5
pusing,5
hebat,5
support,5
sisi,5
rhum,5
kedai,5
pinjol,5
arak,5
jauh,5
hitung,5
datuk,5
sumbang,5
artikel,5
kkm,5
cukai,5
fiqh,5
apple,5
tan,5
laboratorium,5
kedelai,5
koar,5
zaman,5
prosedur,5
sate,5
dajjal,5
haramhalal,5
nasab,5
mahfud,5
toa,5
tpg,5
akuntabel,5
bbpkp,5
mikirnya,4
persen,4
pungut,4
wisatawan,4
atas,4
ustadz,4
literally,4
malak,4
konoha,4
nge,4
pariwisata,4
wewenang,4
hello,4
higienitas,4
tuntas,4
sop,4
memberitahu,4
selia,4
ikm,4
dulur,4
makmur,4
haha,4
sjh,4
kabkota,4
festival,4
perijinan,4
kua,4
kendala,4
tarif,4
real,4
serikat,4
fix,4
not,4
fashion,4
tangga,4
merk,4
pinggir,4
papua,4
jagung,4
infrastruktur,4
bara,4
saksi,4
cat,4
jahat,4
agam,4
ecommerce,4
tempo,4
tweet,4
law,4
trust,4
licik,4
moslem,4
kenyang,4
fnb,4
hadap,4
seleksi,4
palak,4
ban,4
kertas,4
kualifikasi,4
milyaran,4
belakang,4
sembilan,4
nur,4
mau,4
lemari,4
kampus,4
tum,4
problem,4
bodong,4
gunung,4
bunuh,4
hazard,4
analysis,4
points,4
bunyi,4
kalimantan,4
pelihara,4
notabene,4
sedih,4
gelap,4
andal,4
piring,4
direktur,4
upt,4
sabun,4
win,4
literasi,4
normalisasi,4
makassar,4
wkwkwkwk,4
medsos,4
bel,4
hulu,4
hilir,4
nol,4
babeh,4
lingkup,4
seringkali,4
hatihati,4
cema,4
lacak,4
spill,4
uud,4
bang,4
pede,4
tiongkok,4
muamalah,4
mnrt,4
amplop,4
peluk,4
was,4
sedap,4
lpka,4
tiru,4
tasikmalaya,4
akreditasi,4
komite,4
desain,4
tegur,4
detail,4
profesi,4
mimpi,4
umroh,4
kepahiang,4
simbol,4
jepara,4
dialog,4
bantul,4
tolang,4
julu,4
matinggi,4
ummat,4
usia,4
gereja,4
uea,4
gresiksatu,4
kampung,4
musibah,4
analisis,4
wafat,4
mungut,4
ldii,4
labuhanbatu,4
harta,4
mandar,4
intelijen,4
rawat,4
abdi,4
islamiyah,4
terimakasih,4
jadwal,4
jelang,4
posisi,4
lembut,4
abad,4
latar,4
usung,4
garuda,4
tetangga,4
tabligh,4
tafsir,4
formal,4
prihatin,4
insiden,4
tajam,4
ceramah,4
purworejo,4
habib,4
umar,4
graha,4
adik,4
solusi,4
tampil,4
jkk,4
jkm,4
kyai,4
gagas,4
iur,4
deklarasi,4
siar,4
trans,4
kpi,4
reaksi,4
artistik,4
liput,4
atlet,4
radikalisme,4
kini,4
merah,4
world,4
maybank,4
cabangbungin,4
motor,4
tahlil,4
spesifik,4
imam,4
akademik,4
kompetensi,4
aparat,4
komisaris,4
swt,4
halil,4
thahir,4
loa,4
kulu,4
demonstrasi,4
kolusi,4
anarkistik,4
vandalisme,4
jiwa,4
affan,4
kurniawan,4
kemudi,4
ojek,4
kendara,4
henri,4
noveri,4
baznas,4
norma,4
hut,4
kerap,4
monas,4
momentum,4
toleran,4
triliun,4
geng,4
bantai,4
istilah,4
tren,4
lari,4
merta,4
pihak,4
nasihat,4
inggris,4
silahturahmi,4
hki,4
negatif,4
komentar,4
blitar,4
zalim,4
tulang,4
profesional,4
putar,4
hijau,4
facebook,4
negera,4
syar,4
instrumen,4
rangkum,4
oreo,4
lap,4
shopee,4
syarikat,4
cross,4
rak,4
chili,4
sauce,4
indofood,4
baso,4
christmas,4
stik,4
tutti,4
frutti,4
blueberry,4
keripik,4
pasta,4
bolu,4
tiramisu,4
sapa,4
bakpia,4
grade,4
gmo,4
orange,4
mentega,4
cookies,4
affiliate,4
komen,4
gerobak,4
karamel,4
lollipop,4
bekal,4
minimarket,4
komplit,4
pirt,4
flavor,4
beef,4
beras,4
thayyib,4
lebel,4
dark,4
bakery,4
red,4
sikat,4
fresh,4
income,4
green,4
tea,4
sokong,4
jaring,4
pisang,4
mattedorable,4
perfect,4
exclusive,4
vaseline,4
spf,4
spray,4
powder,4
cleanser,4
pensijilan,4
gaya,4
lucu,4
bening,4
dipl,4
aaam,4
toner,4
exfoliating,4
maybelline,4
vinyl,4
ink,4
clear,4
suplemen,4
efek,4
malas,4
cantik,4
camil,4
aqua,4
noh,4
metode,4
golong,4
etc,4
tampak,4
bapak,4
gara,4
fisik,4
banteras,4
ubat,4
kuku,4
puja,4
janji,4
kacamata,4
monopoli,4
sindiket,4
bos,4
zero,4
terus,4
penguatkuasaan,4
cenderung,4
perban,4
blockchain,4
tata,4
fiat,4
bonus,4
ular,4
mayor,4
kaca,4
maling,4
woi,4
sdm,4
gamau,4
ogah,4
reformasi,4
supermarket,4
kawan,4
konotasi,4
kosong,4
cucu,4
kupon,4
binatang,4
rame,4
acu,4
pohon,4
dibutuhin,4
anggar,4
lab,4
kutu,4
mekanisme,4
benerbener,4
konyol,4
licin,4
hrg,4
kredibilitas,4
kambing,4
tuak,4
sier,4
dongkrak,4
sleman,4
gading,4
over,3
keluh,3
baran,3
kredibel,3
menag,3
hala,3
jamah,3
next,3
all,3
lambat,3
budi,3
nasi,3
higiene,3
buta,3
plastik,3
bem,3
berkat,3
bandar,3
pesat,3
karyawan,3
narkotika,3
nyediain,3
that,3
ungkap,3
disney,3
boros,3
jarang,3
koordinator,3
menko,3
harimurti,3
yudhoyono,3
bahanbahan,3
penjara,3
transportasi,3
fyi,3
bihun,3
restonya,3
ojol,3
orangorang,3
respati,3
sensitif,3
biasa,3
certified,3
wkwkw,3
berhatihati,3
jawab,3
aplg,3
diterapin,3
ras,3
even,3
culas,3
legend,3
curiga,3
kalah,3
aktivitas,3
pedoman,3
jurus,3
konser,3
porcine,3
cnn,3
konfirmasi,3
tujuh,3
sharp,3
usut,3
galak,3
sert,3
mu,3
nyamuk,3
operasi,3
valid,3
idsurvey,3
brush,3
inisiasi,3
tidak,3
belit,3
mus,3
ngejar,3
ijab,3
mall,3
teknis,3
terigu,3
fikih,3
solution,3
imo,3
surga,3
ngawur,3
darimana,3
gin,3
judge,3
bay,3
tukang,3
etis,3
gaboleh,3
rumit,3
alfamart,3
end,3
pertanggungjawaban,3
toyib,3
gapapa,3
kuliah,3
urgensi,3
ikhtiar,3
mostly,3
labelin,3
oalah,3
kedok,3
wni,3
sim,3
andai,3
wacana,3
februari,3
minor,3
covid,3
seolaholah,3
ingredientsnya,3
industry,3
serba,3
sidoarjo,3
gaess,3
himpun,3
assalamu,3
tabik,3
tenggat,3
sing,3
diperjualbelikan,3
pangkat,3
friendly,3
abai,3
ideal,3
mjd,3
truck,3
harus,3
yth,3
perspektif,3
konflik,3
buru,3
ribetribet,3
vietnam,3
aqil,3
irham,3
sertifkat,3
singaraja,3
pelosok,3
kemenkumham,3
wbp,3
versi,3
expo,3
bangkok,3
talkshow,3
sendok,3
angkut,3
hmm,3
like,3
sisa,3
pascapanen,3
palangka,3
iring,3
studi,3
manajemen,3
pacitan,3
mesuji,3
ter,3
pulih,3
aset,3
hidayat,3
djp,3
atrwakil,3
cetak,3
merespon,3
ilustrasi,3
konferensi,3
danau,3
gelombang,3
ungsi,3
muslimin,3
ilmiah,3
sipil,3
dsn,3
natal,3
wakapolsek,3
damun,3
ilir,3
ketidakadilan,3
sulsel,3
batam,3
teladan,3
emban,3
sidang,3
susun,3
dinamika,3
insyaallah,3
walikota,3
nganu,3
roboh,3
bisa,3
dirut,3
luqman,3
samasama,3
sejuk,3
saw,3
populer,3
palestine,3
sarasehan,3
pahlawan,3
jihad,3
institute,3
kompeten,3
kapolda,3
bangka,3
bappeda,3
update,3
kader,3
fkub,3
bandara,3
cok,3
gay,3
agung,3
komprehensif,3
somad,3
saudi,3
hina,3
tepat,3
rangkai,3
rajut,3
majalengka,3
asep,3
hidang,3
infak,3
sedekah,3
zis,3
lingkar,3
internal,3
grand,3
umaro,3
santri,3
visa,3
kolom,3
rangkap,3
khairul,3
basyar,3
siang,3
tanding,3
intoleransi,3
praktis,3
kosmetika,3
paser,3
ahlulbait,3
cirebon,3
faisal,3
sesi,3
boyolali,3
anjur,3
kapolri,3
ricuh,3
bachtiar,3
zubair,3
ijtima,3
charles,3
pandapotan,3
tampubolon,3
aspirasi,3
provokasi,3
kamtibmas,3
massa,3
cimahi,3
elemen,3
sulawesi,3
unjuk,3
jalur,3
pkl,3
demo,3
lindas,3
brimob,3
fatwafatwa,3
makam,3
sri,3
ting,3
tari,3
solidaritas,3
hibur,3
lubuk,3
linggau,3
tasyakur,3
hamas,3
tua,3
skema,3
system,3
panas,3
botol,3
kompak,3
timbul,3
mojokerto,3
ngurusi,3
alir,3
panit,3
sambang,3
djki,3
volume,3
suasana,3
gayeng,3
sindir,3
islamic,3
besuk,3
adu,3
tinjau,3
terbang,3
juru,3
muharram,3
dedi,3
politis,3
kutuk,3
meta,3
pesawat,3
rekayasa,3
cianjur,3
heboh,3
judul,3
kerinci,3
idul,3
kurban,3
singkat,3
reputasi,3
means,3
maklumat,3
bkm,3
bulan,3
pola,3
komponen,3
nyaring,3
kabul,3
shalat,3
sempit,3
juleha,3
ngada,3
rampung,3
perisa,3
sea,3
spread,3
contamination,3
water,3
maklon,3
final,3
full,3
pocky,3
ekstrudat,3
gulung,3
pandan,3
soes,3
jamu,3
nori,3
boom,3
olive,3
mix,3
fruit,3
alit,3
padimas,3
indomie,3
aka,3
sedaap,3
time,3
chips,3
atribut,3
classic,3
assorted,3
tango,3
deka,3
edisi,3
milkita,3
thayib,3
swalayan,3
shoppee,3
gum,3
cola,3
sun,3
nastar,3
nutrijell,3
jelasjelas,3
racik,3
ciri,3
flavour,3
luvmi,3
promosiin,3
soda,3
farma,3
excellence,3
rontok,3
pelabur,3
eksport,3
list,3
glaze,3
pcs,3
lotte,3
bubur,3
abon,3
israhell,3
shop,3
mini,3
angel,3
coy,3
koperasi,3
skinnaza,3
latte,3
cake,3
natural,3
liptint,3
hand,3
johnson,3
salicylic,3
power,3
kupang,3
swasta,3
sia,3
vital,3
lang,3
tebal,3
komik,3
kreatif,3
home,3
oreal,3
hydrating,3
foam,3
luminous,3
face,3
cerah,3
aloe,3
glam,3
scrub,3
off,3
extract,3
bibit,3
lipcream,3
edition,3
lipstik,3
waterproof,3
package,3
saffron,3
diet,3
secret,3
scarlett,3
tone,3
selangor,3
korang,3
samping,3
artis,3
ultimate,3
sakura,3
kojic,3
pph,3
dodol,3
durian,3
jin,3
cosrx,3
konvensional,3
siri,3
jejak,3
hana,3
karmin,3
melayu,3
hobi,3
motong,3
curi,3
pandai,3
pon,3
bla,3
baileys,3
lemah,3
premis,3
syak,3
ringgit,3
labur,3
dirty,3
basis,3
payah,3
panen,3
letak,3
dakwa,3
maksa,3
cadang,3
penyalahgunaan,3
kalean,3
isis,3
boko,3
teroris,3
sahaja,3
better,3
mazhab,3
giring,3
jariyah,3
seludup,3
termul,3
paman,3
ipar,3
katai,3
komunis,3
tripsin,3
iphone,3
biadab,3
ogos,3
testing,3
eksekutif,3
intel,3
samsul,3
hadits,3
nista,3
lacur,3
topeng,3
tas,3
terengganu,3
emosi,3
doyan,3
jenayah,3
goblog,3
bungkus,3
takedown,3
bocah,3
salad,3
masa,3
porno,3
lelaki,3
ber,3
aurat,3
haramnon,3
zionist,3
imho,3
kadar,3
kremesan,3
duk,3
sono,3
sunda,3
satusatu,3
kehatihatian,3
komersial,3
boy,3
undi,3
knapa,3
iri,3
rela,3
yaudah,3
sense,3
tasyabbuh,3
stupidity,3
hoax,3
fact,3
akar,3
bunga,3
mudik,3
duluan,3
mang,3
prabowogibran,3
adam,3
gada,3
msg,3
material,3
rawan,3
benah,3
nipu,3
bentar,3
bowok,3
lambang,3
asai,3
belon,3
marketplace,3
seller,3
tray,3
kain,3
pakar,3
cust,3
junjung,3
monitoring,3
pabrikan,3
wes,3
tuyul,3
yakult,3
lisensi,3
pura,3
abuse,3
ruwet,3
filum,3
angin,3
redistribusi,3
deputi,3
esensial,3
idealis,3
inspirasi,3
masmin,3
palembang,3
fondasi,3
loyalitas,3
kemenperin,3
eka,3
dispangtan,3
audience,2
concern,2
circle,2
akomodasi,2
makanminum,2
diwajibin,2
bulus,2
news,2
nuklir,2
keliling,2
selidik,2
masang,2
him,2
when,2
hes,2
telling,2
lies,2
kecil,2
digebukin,2
warmindo,2
identitas,2
visi,2
formalitas,2
gais,2
lppommui,2
endingnya,2
laik,2
sukoharjo,2
wijaya,2
menara,2
geser,2
hah,2
pasuk,2
pom,2
nyiapin,2
bersyariah,2
fesyar,2
kti,2
bbpom,2
fauzi,2
event,2
basi,2
salsa,2
semangka,2
eks,2
api,2
hayo,2
rohani,2
kasongan,2
sertipikat,2
sentimen,2
harom,2
rph,2
only,2
sambung,2
awet,2
thaharah,2
kejut,2
rahasia,2
cafe,2
area,2
pakistan,2
ahy,2
mesum,2
reply,2
dibantuin,2
tis,2
upi,2
whiskas,2
union,2
logistics,2
idr,2
open,2
lebaran,2
owner,2
know,2
how,2
works,2
ngaruh,2
jaja,2
jakbar,2
nagih,2
muntah,2
lagilagi,2
branded,2
downgrade,2
ppn,2
mjb,2
nitip,2
ikhlas,2
rakus,2
serakah,2
balai,2
surveyor,2
tementemen,2
acak,2
oplos,2
nerbitin,2
abal,2
ngolahnya,2
janganjangan,2
opsional,2
baygon,2
ind,2
wto,2
safety,2
wahana,2
yagesya,2
gluten,2
domisili,2
fajar,2
berbelitbelit,2
curutnya,2
singapura,2
populasi,2
vegetarian,2
awat,2
rehabilitasi,2
himbauan,2
unit,2
sertifkasi,2
nerapin,2
semenjak,2
distributor,2
panci,2
jir,2
sesimple,2
maklum,2
belibet,2
indon,2
becanda,2
mulu,2
sks,2
semester,2
kultur,2
anrh,2
lumrah,2
subhat,2
still,2
mukmin,2
fssc,2
brc,2
bisnisin,2
brengsek,2
kontrak,2
raup,2
nasgor,2
amri,2
instead,2
yasudah,2
sosis,2
preman,2
koreksi,2
calo,2
skeptis,2
dimintain,2
kelar,2
bspji,2
layar,2
court,2
search,2
resap,2
fomo,2
bioskop,2
cgv,2
orientasi,2
msy,2
turki,2
makasii,2
tong,2
rakabuming,2
raka,2
naung,2
mega,2
kokola,2
gochujang,2
lini,2
asik,2
wow,2
hmtp,2
bazar,2
alaikum,2
pemprov,2
tlol,2
ukur,2
spbu,2
truk,2
bubble,2
kira,2
pintar,2
suku,2
dosen,2
radikal,2
sampai,2
santuy,2
tekstil,2
deskripsi,2
mmiliki,2
lawak,2
kaprah,2
gelas,2
pel,2
lantai,2
makeup,2
skala,2
submit,2
deadline,2
kamar,2
kenan,2
sertfikasi,2
apply,2
abur,2
ngeri,2
seram,2
jerumus,2
foto,2
masohi,2
sinar,2
kakanwil,2
hendro,2
prasetyo,2
lebay,2
hiv,2
etik,2
please,2
tokyo,2
osaka,2
association,2
kalong,2
international,2
antusiasme,2
tips,2
bengkayang,2
zoom,2
cundang,2
keringat,2
wing,2
pamer,2
jare,2
iki,2
kabeh,2
seng,2
lai,2
inovatif,2
training,2
rep,2
ngumpulin,2
unik,2
kimiawi,2
bpjh,2
travel,2
leluasa,2
prosesi,2
prima,2
penjuru,2
pdm,2
purbalingga,2
sidayu,2
pahala,2
papbb,2
bendera,2
puun,2
pendek,2
bimo,2
wayan,2
koster,2
centre,2
alquran,2
atrwaka,2
waka,2
xii,2
itqon,2
bushiri,2
utus,2
morowali,2
sholat,2
subuh,2
marsudi,2
syuhud,2
tokohtokoh,2
konghucu,2
budha,2
source,2
jamil,2
asisten,2
kev,2
marwah,2
tausiyah,2
tumpang,2
kulon,2
progo,2
kapanewon,2
sub,2
klungkung,2
faqih,2
penandatanganan,2
landa,2
sunan,2
linkaja,2
panjang,2
hamka,2
belio,2
husnul,2
from,2
bima,2
arya,2
cucun,2
respon,2
bolaang,2
mongondow,2
ruf,2
sembarang,2
kesiap,2
diskus,2
situs,2
ogan,2
foundation,2
pleno,2
mes,2
mandat,2
sembako,2
ibrahim,2
pada,2
undur,2
lurus,2
keii,2
suyudi,2
ario,2
seto,2
kpp,2
tentara,2
upahupah,2
garut,2
santika,2
heru,2
hangat,2
jago,2
mama,2
dngn,2
aco,2
muimajelis,2
miftachul,2
payung,2
martabat,2
langit,2
donorojo,2
limut,2
muscam,2
maulid,2
senior,2
banyuwangi,2
coalition,2
metro,2
joko,2
widodo,2
adi,2
mufti,2
sman,2
teror,2
salat,2
viktor,2
kabid,2
hatamar,2
rasyid,2
tauhid,2
halaqoh,2
pku,2
man,2
wakapolres,2
sorong,2
drop,2
magang,2
ultra,2
bojonegoro,2
ahad,2
wibawa,2
wanita,2
ngestiharjo,2
dadak,2
sumbar,2
tera,2
uas,2
perinci,2
amat,2
lontar,2
akademika,2
sentra,2
akademisi,2
pilar,2
kasubsi,2
pakem,2
alhabib,2
hafidz,2
almuwasholah,2
kombes,2
yapen,2
narkoba,2
habaib,2
sutandar,2
siswa,2
rentan,2
stadium,2
generale,2
tajin,2
syirik,2
rasulullah,2
monumen,2
seksual,2
khoziny,2
xpose,2
halaman,2
lirboyo,2
televisi,2
leceh,2
politikus,2
mungkar,2
keruh,2
gencat,2
landas,2
pemuda,2
daulat,2
kemenkeu,2
lisan,2
grogot,2
lukmanul,2
abi,2
ekstrem,2
alex,2
chandra,2
thayyiban,2
pemko,2
sore,2
fadli,2
zon,2
seni,2
lsbpi,2
ngopi,2
amanat,2
peter,2
berkowitz,2
hayat,2
pangkas,2
waligereja,2
kwi,2
kazakhstan,2
waris,2
hidayatullah,2
bias,2
listyo,2
sigit,2
normal,2
nasir,2
qur,2
forkopimda,2
economic,2
studies,2
celios,2
bumn,2
ummah,2
pelda,2
suparman,2
serda,2
bahtiar,2
balocci,2
sobis,2
horison,2
hebron,2
tayseer,2
walkot,2
guyup,2
dwi,2
rianto,2
jatmiko,2
romo,2
spiritual,2
siti,2
yusuf,2
ukhwah,2
supranoto,2
persis,2
kritisi,2
talk,2
infokom,2
tewas,2
taktis,2
keji,2
negarawan,2
perdana,2
plt,2
prov,2
kesra,2
liar,2
ziarah,2
forkopimcam,2
mulyani,2
agenzia,2
nova,2
sema,2
iin,2
diskotik,2
wib,2
mina,2
padat,2
jurnalis,2
aribp,2
lumajang,2
dormant,2
khoirudin,2
qoriqoriah,2
hafizhafizah,2
ipqah,2
ballroom,2
bpkh,2
stakeholder,2
ani,2
sibolga,2
wabarakatuh,2
mhum,2
panyabungan,2
madina,2
konservatif,2
maimoen,2
pta,2
sawah,2
zinis,2
lapar,2
loby,2
manggis,2
karangasem,2
prinsipprinsip,2
muslimah,2
aparatur,2
asn,2
silaturahim,2
karnaval,2
pakcik,2
kpr,2
sewa,2
hatta,2
gie,2
fadhlullah,2
nyeleneh,2
khilafah,2
bangsabangsa,2
tahniah,2
viralnya,2
pkp,2
maruarar,2
herdiawan,2
arifianto,2
timika,2
mimika,2
nilainilai,2
peristiwa,2
arif,2
wagub,2
tengku,2
sang,2
dewa,2
pilpres,2
islamis,2
fpi,2
arti,2
absolut,2
honne,2
nicea,2
sengketa,2
meranti,2
makna,2
wahyu,2
ambang,2
singajaya,2
juni,2
olahraga,2
mulyadi,2
instagram,2
psn,2
barubaru,2
gerebek,2
isral,2
bom,2
hoaks,2
testimoni,2
tual,2
eskalasi,2
perang,2
agresi,2
militer,2
afrika,2
dedy,2
ikhsan,2
ketidakwarasan,2
fahrur,2
artificial,2
kontroversial,2
psi,2
mlonggo,2
hamba,2
malaikat,2
regional,2
manado,2
ahmadiyah,2
abidin,2
usman,2
sembah,2
adha,2
film,2
lampri,2
darodji,2
nias,2
isriwil,2
diplomatik,2
email,2
nasib,2
kelak,2
hendak,2
really,2
sbn,2
singapore,2
beril,2
lifestyle,2
marak,2
dawuan,2
sedarh,2
inss,2
sepele,2
reklamasi,2
bento,2
rangin,2
vasektomi,2
libur,2
stor,2
arsip,2
feast,2
aice,2
gold,2
cheddar,2
piawai,2
double,2
section,2
kecap,2
minyakita,2
zaitun,2
wijen,2
krimer,2
nextar,2
taro,2
net,2
richoco,2
formulasi,2
detox,2
outlet,2
cuti,2
kahf,2
compound,2
singkong,2
smax,2
ring,2
chocolatos,2
puding,2
gummy,2
laici,2
muak,2
kental,2
bysarahahmad,2
roma,2
nafas,2
pelbagai,2
paruh,2
koepoe,2
geprek,2
asppendo,2
kiss,2
mede,2
paragon,2
corp,2
jet,2
biru,2
hock,2
gery,2
butter,2
sweet,2
krekers,2
doi,2
panda,2
rena,2
pppk,2
biscuits,2
monde,2
tricks,2
malt,2
ovaltine,2
sugar,2
stick,2
maam,2
oles,2
oatmeal,2
instant,2
soto,2
gandum,2
puff,2
caramel,2
tekpang,2
santan,2
potato,2
krispi,2
asuh,2
foodborne,2
internet,2
cibadak,2
garam,2
bantal,2
sasa,2
saos,2
belibis,2
milton,2
pastilles,2
hni,2
hazelnut,2
tomat,2
soft,2
tugu,2
kukus,2
kurma,2
seokjin,2
igin,2
oic,2
bukittinggi,2
nota,2
raperda,2
salt,2
sampo,2
chunky,2
kuah,2
ekstrak,2
king,2
colatta,2
happydent,2
cool,2
filifolly,2
kece,2
padhang,2
manah,2
sibyan,2
part,2
xylitol,2
chewing,2
peach,2
imitasi,2
knorr,2
semak,2
review,2
out,2
lpp,2
kentang,2
pati,2
peppermint,2
standard,2
teraju,2
tega,2
tumpah,2
new,2
ratu,2
two,2
way,2
deodorant,2
pond,2
clorismen,2
cleansing,2
light,2
dazzle,2
down,2
get,2
marina,2
viva,2
centella,2
award,2
ikmumkm,2
informatif,2
alhamdulilah,2
arafatea,2
aroma,2
cermin,2
kemiri,2
implikasi,2
ecek,2
symwhite,2
moisture,2
intimate,2
revitalift,2
lubang,2
smooth,2
nuface,2
prone,2
renew,2
beaute,2
peel,2
eau,2
story,2
advisor,2
lovely,2
multi,2
avoskin,2
your,2
bae,2
garnier,2
men,2
filter,2
emina,2
stuff,2
personal,2
camille,2
noni,2
probiotics,2
ampoule,2
byout,2
bioaqua,2
secretclean,2
propolis,2
antiseptic,2
mouthwash,2
majalah,2
boba,2
omg,2
matte,2
twin,2
sboost,2
langsing,2
capsule,2
labore,2
sensitive,2
treatment,2
fragrance,2
syb,2
peeling,2
cica,2
flowhite,2
opium,2
lee,2
barrier,2
jsm,2
kaunter,2
mek,2
sari,2
senarai,2
far,2
voucher,2
kmdn,2
gugat,2
animate,2
kojiesan,2
poklahsar,2
roket,2
pink,2
gentle,2
hyaluron,2
hamph,2
legit,2
kismis,2
ice,2
cod,2
lol,2
relatif,2
danone,2
micellar,2
adera,2
tazkia,2
rangkul,2
regulator,2
optimis,2
naikin,2
value,2
parasit,2
dihandle,2
fundamental,2
balut,2
bahawa,2
alinah,2
sertifikator,2
logam,2
takde,2
helah,2
gol,2
merahpink,2
nampak,2
ramah,2
banting,2
clipper,2
specialist,2
begitu,2
risau,2
groceries,2
certify,2
adek,2
blacklist,2
sepi,2
elak,2
kuteks,2
dokter,2
kapal,2
term,2
kompetitor,2
bongkar,2
copas,2
sematamata,2
vote,2
kabinet,2
trump,2
bayi,2
game,2
beza,2
daun,2
taja,2
bot,2
jawat,2
ideologi,2
adopsi,2
purnomo,2
claim,2
makmin,2
jidat,2
edagang,2
piye,2
shell,2
konsekuensi,2
tipis,2
rentenir,2
temanteman,2
bobrok,2
gaakan,2
palestin,2
just,2
bimbang,2
prefer,2
kagoshima,2
maskot,2
majlis,2
bertanggungjawab,2
bpjphmui,2
musnah,2
kapasitas,2
kapitalis,2
orde,2
reformis,2
harto,2
hutang,2
starbucks,2
maisir,2
islamqa,2
dangkal,2
kumis,2
binasa,2
belgium,2
sekat,2
nars,2
fansign,2
fan,2
campaign,2
haramin,2
selangkang,2
idiot,2
microsoft,2
mac,2
lock,2
duh,2
orangtua,2
murid,2
pga,2
produkjasa,2
cekal,2
inul,2
daratista,2
dominasi,2
mcmc,2
interpretasi,2
bedah,2
salty,2
universiti,2
tentera,2
kontitusi,2
kiri,2
kanan,2
sains,2
deteksi,2
keledai,2
njing,2
thanks,2
god,2
minim,2
leader,2
islami,2
but,2
jongos,2
earn,2
crypto,2
atuh,2
tapi,2
dorang,2
bisnes,2
dataset,2
mafia,2
bantah,2
khianat,2
asyabab,2
jijik,2
dongok,2
baharu,2
madani,2
asu,2
laba,2
cekik,2
jatah,2
mentang,2
content,2
konstitusional,2
hal,2
identik,2
sirup,2
elit,2
shame,2
anomali,2
feeds,2
khilafiyah,2
okok,2
evolusi,2
kiamat,2
yaallah,2
kejang,2
pantat,2
jkwi,2
safe,2
soksokan,2
nkri,2
kalsel,2
basmallah,2
asap,2
dkk,2
nakes,2
dik,2
barca,2
madrid,2
lokalisasi,2
sarang,2
maka,2
money,2
jenggot,2
janda,2
bola,2
orisinal,2
gurun,2
pasir,2
alergen,2
mampu,2
ireland,2
fatal,2
web,2
item,2
empati,2
nadah,2
kremesnya,2
riweuh,2
twit,2
alternatif,2
sorry,2
bebong,2
kejawen,2
nyembelihnya,2
sembunyi,2
ngelabeli,2
live,2
barangbarang,2
kemendag,2
sita,2
miliar,2
gtgt,2
rakyatampbangsa,2
mabok,2
pulang,2
hahahaha,2
business,2
bajing,2
tangguh,2
hakikat,2
ciplak,2
mahupun,2
mind,2
martabak,2
ambigu,2
tahi,2
cumacuma,2
sidak,2
disclaimer,2
absolute,2
alqur,2
astagfirullah,2
sampel,2
kadrun,2
bgst,2
nonharam,2
berisik,2
test,2
progress,2
katolik,2
infinite,2
genuine,2
question,2
ibu,2
tung,2
onta,2
stan,2
segel,2
hisap,2
thinking,2
project,2
ketaksuban,2
fun,2
lantas,2
denial,2
sijil,2
kaedah,2
orba,2
lagak,2
selam,2
branding,2
pbt,2
kuil,2
amoral,2
taglinenya,2
komennya,2
tagline,2
nunjukin,2
krg,2
betull,2
sabar,2
haus,2
dinasti,2
sakau,2
karpet,2
individu,2
dalang,2
peguam,2
bharu,2
bella,2
hadid,2
bacto,2
soytone,2
tunjang,2
etanol,2
aing,2
monggo,2
ngincer,2
kasir,2
selingkuh,2
emis,2
kontol,2
ulah,2
mangkanya,2
pki,2
sistematis,2
tasyabuh,2
tadah,2
panggung,2
wiwik,2
pletok,2
statement,2
bruh,2
nyogok,2
tes,2
gapake,2
burukharam,2
bocil,2
ajuin,2
adzan,2
kursi,2
utuh,2
rumor,2
dimanamana,2
proaktif,2
buyer,2
boro,2
yaqut,2
otw,2
grok,2
cosmetics,2
jdnya,2
neg,2
awareness,2
kasus,2
oceh,2
umur,2
ajaib,2
halaljadi,2
survey,2
abalabal,2
kaget,2
oligarki,2
benerin,2
omzet,2
mosok,2
sitik,2
duite,2
entuk,2
ngandung,2
haramnonhalal,2
ingredient,2
buanyak,2
ciu,2
belikan,2
gaperlu,2
jatohnya,2
pupuk,2
hajar,2
huhu,2
nampaknya,2
emui,2
stampel,2
serangga,2
wrg,2
ken,2
terjang,2
kop,2
fulus,2
msyrkt,2
investor,2
lapo,2
ngajukan,2
shg,2
gabakal,2
rubah,2
nippon,2
bone,2
broth,2
too,2
anjng,2
bernapsu,2
rebut,2
masalahe,2
capek,2
kekmana,2
ngambil,2
tunjuk,2
mbok,2
nepo,2
mencak,2
kepake,2
inikalo,2
mbah,2
setifikasi,2
packing,2
kfc,2
anyar,2
mol,2
sbnrnya,2
solmed,2
opsi,2
ushul,2
wajibmandatory,2
kemenagmui,2
viii,2
celeng,2
potensial,2
work,2
gema,2
recycle,2
samyang,2
kanjuruhan,2
des,2
brmp,2
lphkht,2
gapembi,2
xie,2
siapin,2
gaet,2
wawas,2
save,2
teteh,2
akurat,2
akselerasi,2
ningkatin,2
jangka,2
kemenlu,2
pastiin,2
tebu,2
afsel,2
kancah,2
haidilao,2
saluttt,2
menandatangani,2
hong,2
variasi,2
mongolia,2
hiro,2
bangkal,2
trunojoyo,2
umm,2
tei,2
fusion,2
optimal,2
watch,2
usd,2
kolaboratif,2
sagulung,2
otoki,2
ebi,2
nov,2
ane,2
elysyle,2
rahmadi,2
sunoko,2
spi,2
paranoid,2
ginjal,1
guyssss,1
didaftarin,1
biayaaa,1
jokesnya,1
ngejokes,1
keep,1
researchgate,1
dsk,1
sieun,1
dosana,1
selektif,1
reading,1
comprehension,1
redudansi,1
minumal,1
berserfirikasi,1
sejati,1
muslimharusnya,1
halalbukan,1
halallagi,1
embel,1
eskrim,1
diapresiasipentiing,1
halalnonhalal,1
adminitratif,1
terop,1
dianggep,1
bacok,1
pakaididampingi,1
disiplin,1
kulonprogo,1
hygene,1
idap,1
mcu,1
salatiga,1
kendal,1
dmhubungi,1
disperindag,1
scann,1
minimbelum,1
okkp,1
klb,1
menkes,1
lpom,1
budget,1
porsi,1
kilas,1
workshop,1
korbeq,1
samgyeopsal,1
lahhhh,1
emil,1
jay,1
idzes,1
wkwkwkwkwkwkwk,1
sarap,1
verdonk,1
lilipaly,1
produklokasi,1
sampurasun,1
sadayana,1
maha,1
damang,1
bintala,1
santap,1
diliatliat,1
backsound,1
sabilulungan,1
aduhay,1
mowning,1
bpjphkemenagmui,1
kalbar,1
pontianak,1
ferdiansyah,1
paron,1
bappenas,1
petir,1
tegang,1
listrik,1
elegan,1
ion,1
plasmacluster,1
nonstop,1
bmkg,1
gabut,1
sesar,1
siup,1
lampunginfo,1
kedaton,1
kebun,1
mode,1
dina,1
boluarte,1
public,1
bangkit,1
sertifikas,1
hum,1
federal,1
mra,1
halalnggak,1
restaurant,1
town,1
kedengerannya,1
mukenah,1
srtifikasi,1
kbutuhan,1
sertfksi,1
bhan,1
pmbersihan,1
bakteri,1
polimer,1
pentol,1
hydro,1
warrior,1
gofarvsaloy,1
lapasrutan,1
terace,1
adventure,1
land,1
tutupsempat,1
rebus,1
jugaakhirnya,1
river,1
view,1
mlmnya,1
sertifikasilabeli,1
tempe,1
wedok,1
tersbut,1
labruk,1
hokkaido,1
okinawa,1
famima,1
lawson,1
sevel,1
seafoodindia,1
pagan,1
goa,1
diksih,1
sesatsdh,1
pad,1
rejeki,1
mengetest,1
oten,1
sepupu,1
pemakain,1
katering,1
capekcapek,1
sklian,1
setujuu,1
goba,1
ron,1
english,1
fluent,1
dijualnyatiba,1
seseorg,1
ketawa,1
nipunya,1
nempelin,1
ardianto,1
house,1
previlege,1
underestimate,1
ngeribetin,1
perda,1
riding,1
wave,1
ditl,1
dung,1
toyyib,1
disiasiain,1
ngeluh,1
rasionalitas,1
sellernya,1
luweh,1
edan,1
maneh,1
soale,1
proclaimed,1
halalif,1
they,1
knew,1
ceklistnya,1
sadder,1
our,1
saudarasaudara,1
gapenting,1
gasih,1
ngebangun,1
which,1
fasis,1
iye,1
issue,1
infoin,1
harambagus,1
idenyasertifikat,1
xxxxxxxxxxx,1
xxxx,1
pentingin,1
jujurmakanya,1
makananapalagi,1
rajin,1
betmen,1
neo,1
soho,1
kuyden,1
sunset,1
road,1
plaza,1
senayandipisah,1
alkoholstlh,1
kompleksitas,1
gaiss,1
jatiwaringin,1
bolee,1
repdm,1
berkas,1
beks,1
gass,1
kabel,1
jawabanya,1
staff,1
dasuib,1
oss,1
halalsejenisnya,1
menerrori,1
suhaeri,1
rahman,1
hidayah,1
apt,1
sumedang,1
gratisssss,1
sotoy,1
ganjal,1
kompas,1
bahanbahannya,1
insulasi,1
pertamax,1
disertasi,1
makann,1
bracun,1
lalai,1
hnyak,1
bahannyamisal,1
blgnya,1
gmanakebersihan,1
gmananah,1
yakul,1
microwave,1
seriftikasi,1
problematik,1
compulsory,1
wjb,1
prdk,1
shrs,1
ismlamophobia,1
bisabisanya,1
phobi,1
labelny,1
lahyang,1
jamur,1
sinidan,1
masalahkok,1
notifikasi,1
ustr,1
kelai,1
alquranhadist,1
sahih,1
namadeskripsi,1
auckland,1
eid,1
manamana,1
iklaniklan,1
alhamdulillaah,1
sertifikasih,1
brushnya,1
belumlagi,1
nyebut,1
gmp,1
kaloborasi,1
kelakai,1
gedorrrrr,1
batalin,1
korporasi,1
anjrit,1
coo,1
patok,1
dedicated,1
facilities,1
tamu,1
rsia,1
umsida,1
curut,1
porak,1
poranda,1
gun,1
muara,1
rawas,1
vege,1
neko,1
intrumentalisme,1
toyiban,1
genit,1
senggol,1
dipaksan,1
haramya,1
marjiyanto,1
dian,1
diemdiem,1
bogasari,1
necessary,1
sintetik,1
babihewan,1
amer,1
dishwash,1
taubat,1
lakuinnya,1
kita,1
sajiin,1
kompor,1
delicatessen,1
kavling,1
campuranbumbu,1
hater,1
riah,1
corrupt,1
koh,1
dinamain,1
aguan,1
nyeletuk,1
ngeles,1
dikuliahin,1
dapetinnya,1
purpose,1
karir,1
mengkomersialiasaai,1
korean,1
seasoningnya,1
sakemirin,1
ngamokngamok,1
pasrah,1
blindly,1
believe,1
smuanya,1
buttt,1
monetisasi,1
kiiinda,1
ironic,1
sertifikasijadilah,1
korupjelas,1
rasul,1
nandain,1
ngalamin,1
complicated,1
habisin,1
matkul,1
simplenya,1
kasusny,1
perkoro,1
memastikanmenjamin,1
enggak,1
pemerintahulil,1
gamasalah,1
suplier,1
nangkepnya,1
mnrtku,1
angciualkohol,1
miriss,1
najisharam,1
gado,1
lotek,1
ketoprak,1
sapiayam,1
tradisionalpinggir,1
karang,1
taruna,1
lsm,1
akamsi,1
kang,1
parkir,1
higenitas,1
indonya,1
wartegnya,1
analogi,1
antem,1
kitamui,1
jelaa,1
produkrest,1
dipalakin,1
diitung,1
dihalalin,1
urung,1
gembira,1
job,1
skop,1
kalselteng,1
malay,1
siini,1
thai,1
frase,1
kahwkkwk,1
jumping,1
conclusion,1
ampun,1
cemas,1
hcmc,1
stsn,1
mrt,1
ben,1
thanh,1
makananresto,1
indomalay,1
halalisasidalihnya,1
ambilperpanjang,1
higienitasnya,1
bpomsaat,1
belaka,1
tabe,1
makanansejenisnya,1
sebutin,1
diutamain,1
catering,1
bibigo,1
halalmubah,1
hongkong,1
walikotanya,1
extravaganza,1
driyorejo,1
british,1
retail,1
consortium,1
riil,1
ibnu,1
tbk,1
kewajibn,1
kampusiana,1
mendptkan,1
sebyknya,1
trtentu,1
makananamp,1
trpenting,1
berprilaku,1
tralala,1
sertifikasilogo,1
otentikasi,1
nyampek,1
cth,1
halalmaksud,1
korupsiuang,1
makananminumannya,1
jowo,1
dilsertifikasi,1
koyo,1
rasane,1
dmkn,1
mmbuat,1
khalalan,1
mnjamin,1
advokat,1
wipol,1
serifikasinya,1
kejangkejang,1
sandangpakaian,1
armada,1
dalem,1
otentik,1
twitter,1
datengin,1
gapeduli,1
kerennnsemua,1
minna,1
sodara,1
fulan,1
pantas,1
ngr,1
prilaku,1
nafsu,1
syetan,1
makananampminuman,1
nurani,1
geber,1
khamer,1
ngasal,1
makananminumanobat,1
menghasilkn,1
srupa,1
mghasilkn,1
mjamin,1
produkny,1
jenisketegori,1
makanminuman,1
bakutambahanpenolonh,1
ketegori,1
jewajiban,1
runyam,1
blunder,1
leasingpinjaman,1
yanh,1
pangsa,1
mangkrak,1
caknun,1
anda,1
kondom,1
sajaribet,1
peres,1
masal,1
jagal,1
lebeling,1
cuttleries,1
wajan,1
dandang,1
seragam,1
waiter,1
sariayu,1
serentak,1
saigon,1
muslich,1
antar,1
amcham,1
kalog,1
loophole,1
orthodox,1
jew,1
rabbi,1
talmud,1
japan,1
dengkenisbikan,1
ugalan,1
rungkat,1
tenggang,1
retailer,1
muti,1
hehehehehe,1
pampang,1
biarpun,1
sayakonsumen,1
kfmui,1
kfph,1
balikin,1
haramtoh,1
gerai,1
lipat,1
warlok,1
lampir,1
fotocopy,1
nempelkan,1
produknyakebanyakan,1
study,1
klinik,1
ulas,1
jayapura,1
buangbuang,1
noda,1
debu,1
dimusnahin,1
pasien,1
lgian,1
masjuno,1
sertifikasiin,1
lancong,1
tempura,1
kyoto,1
jhalal,1
paspk,1
partisipasi,1
suarathailand,1
eksportir,1
daring,1
ndes,1
onok,1
rektor,1
opo,1
lali,1
pokoke,1
intine,1
sutil,1
ceritae,1
bjir,1
pekejing,1
astagaamasih,1
yoi,1
seems,1
department,1
employees,1
tenggarong,1
punten,1
bbpsi,1
jaa,1
danatau,1
cloud,1
bpjhp,1
terjun,1
okko,1
napi,1
formalin,1
boraks,1
berskp,1
dietisien,1
esa,1
kompetisi,1
ukuwah,1
elfianah,1
gsg,1
pematang,1
kibar,1
keputusasaan,1
kewalahan,1
alaikumwrwb,1
realitas,1
redam,1
aufa,1
mulana,1
konstruktif,1
dirjen,1
wijayanto,1
task,1
force,1
gugus,1
harris,1
convention,1
erlangga,1
mushaf,1
soliditas,1
bawaslu,1
moh,1
aklamasi,1
mahrusun,1
hadyono,1
bakti,1
pemdes,1
fasilitator,1
tiwu,1
meral,1
kankemenag,1
karimun,1
riadul,1
afkar,1
haj,1
atrkepala,1
teddi,1
guspriadi,1
nagari,1
salareh,1
aia,1
shinta,1
nuriyah,1
hadad,1
alwi,1
engkus,1
ruswana,1
adat,1
abidzar,1
romadhon,1
hutan,1
asminkesra,1
sekko,1
reza,1
pahlevi,1
ilah,1
telaah,1
uni,1
emirat,1
muqoddaman,1
batituud,1
koramil,1
kodim,1
peltu,1
paryono,1
forkopimkap,1
julius,1
anthony,1
unkafa,1
memorandum,1
understanding,1
sapu,1
algoritma,1
hukama,1
mhm,1
kalijaga,1
bandang,1
koalisi,1
muippatk,1
sekunder,1
tersier,1
kedunggede,1
khotimah,1
wamendagri,1
sugiarto,1
lonjak,1
syamsurijal,1
paja,1
bolmut,1
fungsional,1
fuad,1
azwar,1
coconut,1
beach,1
padal,1
tukal,1
abab,1
lematang,1
dairi,1
coid,1
passobis,1
komering,1
nisab,1
mal,1
pebrianto,1
patulak,1
cemat,1
banjarmasin,1
kharismatik,1
amirsya,1
fraksi,1
mosqith,1
ghazali,1
nasehat,1
majemuk,1
halaqah,1
jatipuro,1
babak,1
kompleks,1
estafet,1
gejolak,1
bulat,1
anggi,1
saputra,1
pemlihan,1
riwayat,1
taman,1
impi,1
tannas,1
geopolitik,1
sidempuan,1
antarlembaga,1
tausiah,1
istikamah,1
stabilisasi,1
sawiyah,1
sutomo,1
chairil,1
sakti,1
khadaffi,1
satria,1
kokoh,1
wasathiyah,1
muljanto,1
aptnh,1
mejobo,1
panitia,1
masyumi,1
syuro,1
pascakemerdekaan,1
wadah,1
terjemah,1
tunggul,1
wulung,1
sadrach,1
paing,1
johannes,1
emde,1
paulus,1
tosari,1
coolen,1
suriah,1
jhon,1
damascus,1
mingkem,1
mpi,1
korek,1
ulamaindonesia,1
diamkokmasalh,1
ijazahnpalsu,1
campurbagus,1
ajadak,1
indonesiamui,1
detiknetwork,1
maklummajelis,1
bincang,1
lantar,1
sosialpolitik,1
teduh,1
gerimis,1
pendopo,1
rabiul,1
sunni,1
bungkam,1
april,1
uus,1
kuswanto,1
sadikin,1
alquds,1
gcqp,1
bksap,1
filantropi,1
pacific,1
berfikiran,1
jernih,1
iktibar,1
benang,1
sudut,1
ragam,1
gender,1
bblk,1
ijasah,1
tupoksi,1
nambang,1
pandeglang,1
quantum,1
libya,1
ulumul,1
soeharto,1
yazid,1
jawas,1
salaf,1
shahih,1
ledak,1
keri,1
sihombing,1
dir,1
intelkam,1
raker,1
hikmat,1
pdprt,1
geram,1
cuit,1
akhlaqul,1
karimah,1
tapiimannya,1
goyah,1
khidmah,1
karesidenan,1
kedu,1
hafiz,1
yaman,1
sungkem,1
rupiah,1
wisuda,1
hartika,1
wulansari,1
musyarah,1
destinasi,1
nganter,1
req,1
ines,1
mastered,1
instinct,1
brainwash,1
dbs,1
gweh,1
monitor,1
alamul,1
huda,1
masyhur,1
bijaksana,1
lesbian,1
biseksual,1
transgender,1
disnaker,1
khoeron,1
mpdi,1
kadek,1
vii,1
santi,1
baijuri,1
khotib,1
aminudin,1
bustomi,1
kaderisasi,1
rinci,1
muhibuddin,1
kejat,1
anjr,1
omak,1
pekanbaru,1
riau,1
sinkronisasi,1
olimpiade,1
ioc,1
ganda,1
biduan,1
darul,1
falah,1
senden,1
jambon,1
gawang,1
kelik,1
civitas,1
asvera,1
primadona,1
rizka,1
ari,1
kholifatur,1
rohman,1
banyuasin,1
kesbangpol,1
gianyar,1
allmah,1
bayna,1
rabi,1
tsani,1
kapolrestabes,1
jean,1
calvjin,1
simanjuntak,1
takmir,1
sekababupaten,1
gerejagereja,1
gaung,1
hamil,1
tayib,1
keikutsertaan,1
insideninsiden,1
jawahirul,1
maani,1
wabulugul,1
sidi,1
syakh,1
harazim,1
tijani,1
genap,1
tampuk,1
dadang,1
supriatna,1
launching,1
sinergitas,1
keramat,1
kubur,1
lantun,1
shalawat,1
korps,1
sumbangsih,1
pihakpihak,1
timpa,1
musala,1
wkwkwkkwkw,1
jurnalistik,1
uncensored,1
order,1
expose,1
manshur,1
viimui,1
kawin,1
lamalama,1
nominal,1
ptnu,1
stasiun,1
delegasi,1
amar,1
nahi,1
uda,1
srel,1
kabppu,1
ppu,1
deradikalisasi,1
aktualisasi,1
tangkal,1
enolakan,1
cana,1
israelpalestina,1
romawi,1
khalifah,1
sat,1
genjatan,1
ambruk,1
budur,1
laga,1
artistic,1
gymnastics,1
championships,1
ges,1
dibilangin,1
ditjen,1
imigrasi,1
salahdalam,1
menkeu,1
purbaya,1
yudhi,1
sadewa,1
kasat,1
ramli,1
rakerda,1
awa,1
mangkuruku,1
jend,1
sudirman,1
dpw,1
faiz,1
syuron,1
makmun,1
takziah,1
luqmanul,1
husnudzan,1
detasemen,1
densus,1
antiteror,1
mudzakaroh,1
terorisme,1
iret,1
bekasikabupaten,1
harkamtibmas,1
erak,1
arifin,1
muzakarah,1
pius,1
febry,1
aceng,1
loda,1
gawi,1
sabarataan,1
aktivisme,1
bahagia,1
andra,1
soni,1
kpb,1
library,1
adab,1
chusaini,1
ompreng,1
mwa,1
nahdatul,1
staquf,1
sivitas,1
profesor,1
znt,1
ektpfoto,1
republikaprayogi,1
atheis,1
tunai,1
menit,1
penandatangan,1
naurizbay,1
taganuly,1
congress,1
leaders,1
traditional,1
religions,1
astana,1
rosyid,1
hartanto,1
agono,1
taklim,1
fakultas,1
dirasat,1
syarif,1
subjektivitas,1
alazhar,1
aql,1
arrahman,1
anic,1
learning,1
fahmi,1
salim,1
fahmu,1
baitul,1
maqdis,1
diplomasi,1
khaira,1
diridhai,1
batuud,1
ramil,1
babinsa,1
lurah,1
balleangin,1
umara,1
sneineh,1
ahlan,1
sahlan,1
allamah,1
hafizh,1
baina,1
almuslimin,1
senyum,1
titip,1
suhad,1
mashudi,1
eko,1
sriyanto,1
galgendu,1
laela,1
malhikmah,1
dharma,1
phdi,1
yusnar,1
rangkut,1
philip,1
widjaja,1
buddha,1
permabudhi,1
tanuwibowo,1
khonghucu,1
matakin,1
juluk,1
stabilitas,1
komisikomisi,1
raisul,1
anam,1
pwnu,1
seruh,1
bekalangan,1
cela,1
alan,1
ridwan,1
flexing,1
djufri,1
dihimbau,1
properti,1
ddii,1
irsyad,1
pil,1
streaming,1
nanti,1
interaktif,1
sosiolog,1
unika,1
hey,1
provokatif,1
anarkis,1
kambtinas,1
buruh,1
seniman,1
manyampaikan,1
driver,1
almarhum,1
baraccuda,1
idham,1
chalid,1
tiga,1
enam,1
psau,1
pascasarjana,1
cedera,1
pril,1
marori,1
amil,1
kep,1
kabiro,1
saimi,1
kabag,1
penyelengaraan,1
kerjany,1
mahaputera,1
bentrok,1
sinode,1
protestan,1
gpm,1
tawasul,1
syeikh,1
baing,1
fatayat,1
muslimat,1
ajaranajaran,1
disalahgunakan,1
antr,1
ayu,1
jawapan,1
rekod,1
kongsi,1
tumpuk,1
usahausaha,1
ihwal,1
tavia,1
heritage,1
cempaka,1
kad,1
dirgahayu,1
hingar,1
bingar,1
sexy,1
karawang,1
matematis,1
menek,1
inisial,1
umi,1
saifuddin,1
siroj,1
refleksi,1
fossei,1
setop,1
tragedi,1
pentas,1
mul,1
wahyudi,1
rakercam,1
sangga,1
buana,1
indah,1
konsistensi,1
bph,1
conflict,1
interest,1
aspin,1
dodi,1
mmurtako,1
anta,1
intakoris,1
among,1
balikota,1
amongtani,1
assalamuallaikum,1
warahmatullah,1
andy,1
sasongko,1
yaumul,1
startnews,1
mandailing,1
bwi,1
saipullah,1
komplek,1
payaloting,1
moderat,1
objektif,1
sayap,1
adakan,1
pandowo,1
welcoming,1
zakir,1
their,1
head,1
quarters,1
istiqlal,1
pembntaian,1
gtuan,1
akuin,1
palestinaklu,1
representasi,1
mingggu,1
sata,1
usir,1
zikir,1
amlapura,1
dsnmui,1
sekretariat,1
kanit,1
cenggini,1
speaker,1
paguyuban,1
muhibbuththabary,1
multaqa,1
risi,1
kwik,1
surut,1
tulungagung,1
bass,1
karrna,1
marja,1
penggal,1
wamenag,1
syafi,1
awak,1
asrama,1
memproklamirkan,1
mudahmudahan,1
vanath,1
caption,1
moch,1
maesyal,1
beber,1
donasi,1
upayaupaya,1
mukim,1
sirait,1
kontra,1
raden,1
jauhari,1
jazuli,1
dan,1
iriawan,1
ana,1
muk,1
resor,1
senantiasa,1
pcnu,1
pocari,1
run,1
rafani,1
achyar,1
jampidum,1
mulyana,1
wasekjen,1
fachrudin,1
blang,1
baiturrahman,1
langkat,1
katholik,1
pmkri,1
batak,1
indonesiabgt,1
sudara,1
islamhal,1
islamhalal,1
bantaqiah,1
putraampsantrinya,1
babul,1
almukarramah,1
beutong,1
ateuh,1
sesatampterlibat,1
gam,1
kripto,1
cryptocurrency,1
putu,1
anom,1
danujaya,1
gebyar,1
dpd,1
lia,1
istifhama,1
skenario,1
hipotetis,1
anies,1
rizieq,1
shihab,1
detikers,1
cuat,1
terangterangan,1
pengambilalihan,1
konsili,1
ekumenis,1
doktrin,1
arianisme,1
rumus,1
kredo,1
selatpanjang,1
mujahid,1
sanusi,1
kuning,1
ngetokne,1
liyane,1
ngunu,1
ndesak,1
maringi,1
kanggo,1
arakarakan,1
berspeaker,1
radlatul,1
ulum,1
muharam,1
ubaidillah,1
tengahtengah,1
mudarat,1
vtwahyudoremi,1
swatantra,1
mukti,1
mardiyono,1
dirbinmas,1
propam,1
kabidhumas,1
farid,1
pdri,1
miumi,1
terrorist,1
saiful,1
rintis,1
mudharatnya,1
mashadi,1
bahtsul,1
masail,1
audio,1
pawai,1
pju,1
antarumat,1
kholid,1
mochamad,1
djunaedi,1
mapolres,1
ustd,1
doorprize,1
ssalah,1
lucky,1
draw,1
tribunnews,1
rpjmn,1
pik,1
kemudharatan,1
hmsksul,1
vila,1
dubes,1
resort,1
villa,1
megamendung,1
saudia,1
airlines,1
darat,1
kualanamu,1
kabalmay,1
spdi,1
delapan,1
ipolid,1
usmereka,1
kepntingan,1
duniawibukan,1
rano,1
karno,1
kalapas,1
akunakun,1
edit,1
kumpar,1
oki,1
basri,1
har,1
gempur,1
ilmuwan,1
amnesty,1
icc,1
icj,1
nominasi,1
gengsi,1
tanfidziyah,1
alqolam,1
drsinsinyur,1
buly,1
intelligenceai,1
humor,1
palakka,1
intelligence,1
reorganisasi,1
chusairi,1
silaturrahmi,1
ceo,1
institut,1
eris,1
ramdani,1
bimker,1
kamal,1
thamrin,1
youtube,1
pembuatt,1
zainal,1
sabusabu,1
gwe,1
balaikota,1
moriza,1
prananda,1
kepalestinaan,1
husein,1
exlusive,1
screening,1
furoda,1
ardi,1
peti,1
taut,1
teologi,1
stt,1
gunungsitoli,1
majelas,1
itumajelis,1
fikir,1
bejat,1
tegal,1
advis,1
palestinaisrael,1
remember,1
name,1
wangmin,1
ulil,1
kebomas,1
mukomuko,1
tungkap,1
ciriciri,1
kompastv,1
bundar,1
dibawhnya,1
bimas,1
asr,1
lbgt,1
bdpmuimksv,1
dkm,1
nodsnmuiiv,1
wakalah,1
ultimatum,1
buntut,1
lebak,1
hudori,1
seret,1
bertanyaa,1
fantasi,1
profex,1
nazir,1
attaubah,1
ditjenpas,1
fardu,1
kifayah,1
bilal,1
mayyit,1
bekerjasama,1
maxime,1
bouttier,1
calang,1
bamser,1
anshor,1
ansor,1
pantai,1
ainal,1
fari,1
tauzan,1
murad,1
koto,1
khatib,1
qunut,1
nazi,1
mushalla,1
lembagalembaga,1
auditorium,1
pasobis,1
cipasung,1
indrajaya,1
petorsila,1
paskah,1
isbat,1
fikri,1
bareno,1
mulia,1
detikfood,1
conk,1
sumsel,1
lal,1
colors,1
sundae,1
prochiz,1
slice,1
perfetto,1
mozarella,1
squash,1
florida,1
teri,1
gravies,1
garlic,1
aumm,1
bumiputra,1
sgrow,1
kekal,1
tbh,1
wargi,1
wrapped,1
carbonated,1
deli,1
pizza,1
morin,1
selai,1
peanut,1
hing,1
riche,1
cup,1
kari,1
komsumen,1
maxtea,1
tarikk,1
rudy,1
royco,1
kaldu,1
krimero,1
regal,1
marie,1
pilus,1
rusindo,1
opak,1
aijuice,1
dossier,1
jus,1
prune,1
haiwan,1
reka,1
detoks,1
cihafest,1
trusmi,1
mula,1
skang,1
hias,1
pasni,1
plak,1
takleh,1
biskut,1
maggi,1
goal,1
apartheid,1
racial,1
religious,1
segregation,1
qtela,1
pino,1
ekstrim,1
tawon,1
sarmento,1
makaroni,1
meksiko,1
nanas,1
days,1
croissant,1
fili,1
folly,1
burger,1
chip,1
paroti,1
timebreak,1
ubi,1
ungu,1
kenyal,1
cuba,1
wangi,1
kudap,1
santai,1
tetamu,1
repeat,1
dooh,1
paddle,1
virgin,1
bonita,1
keik,1
tulen,1
ironis,1
pelanpelan,1
retak,1
mapel,1
cokro,1
bluder,1
jordan,1
sisir,1
onyx,1
sarikaya,1
ceri,1
emulsi,1
aokamomotaro,1
shortbread,1
vipco,1
politeknik,1
skkni,1
saltcheese,1
combo,1
sandwich,1
pathok,1
frozz,1
fourmi,1
eonni,1
colostrum,1
rbgh,1
continue,1
gercep,1
kargo,1
ton,1
alumah,1
tos,1
printed,1
legalistik,1
sealleys,1
mamee,1
wincheez,1
crispy,1
crackers,1
tin,1
wini,1
biti,1
revolusi,1
borong,1
uniform,1
plr,1
webinar,1
persepsi,1
kafirin,1
llu,1
lemonia,1
twist,1
formasi,1
marindo,1
superquin,1
selected,1
pie,1
selection,1
asi,1
bbq,1
festive,1
treats,1
treat,1
cokelatdeka,1
chaco,1
kugi,1
jacobis,1
finco,1
brown,1
astor,1
bolicious,1
mandarin,1
cannon,1
ball,1
alpenliebe,1
eclairs,1
topi,1
melon,1
cookie,1
cone,1
filled,1
quaker,1
burung,1
dara,1
doroku,1
keriting,1
usagi,1
wheat,1
joger,1
join,1
handle,1
barangkali,1
kara,1
venezia,1
bubuk,1
mister,1
roasted,1
delfitop,1
bihnku,1
seduh,1
bernkv,1
agen,1
zoonosis,1
diseases,1
ihsan,1
raguragu,1
kinohimitsu,1
nyomot,1
rasai,1
cus,1
peci,1
satpol,1
mangkuk,1
dolpin,1
yodium,1
walens,1
sus,1
junglegold,1
mocha,1
holland,1
exp,1
toples,1
gram,1
serbaguna,1
bismillahirrohmanirrohim,1
network,1
hpai,1
herba,1
alwahida,1
waffle,1
hot,1
terasi,1
lada,1
cassava,1
blackpepperchicken,1
blackpepper,1
pepero,1
milky,1
eugica,1
coff,1
lozenges,1
qeqe,1
warni,1
pringles,1
crisps,1
ranjani,1
tropis,1
kimono,1
corn,1
flavoured,1
konjac,1
ovomaltine,1
crunchy,1
tomato,1
cheese,1
ambassadornya,1
impact,1
soon,1
willie,1
coe,1
bioteknologi,1
paripurna,1
perfection,1
pine,1
turpentine,1
growing,1
shampo,1
keratin,1
biotin,1
sampoo,1
ketombe,1
keduadua,1
anutin,1
charnvirakul,1
khamis,1
remeh,1
calcibean,1
milly,1
moos,1
yoghurt,1
rawit,1
youyou,1
masako,1
fitbar,1
dancing,1
sarden,1
cabai,1
finnacap,1
lobster,1
collins,1
dip,1
goldenfil,1
jajak,1
munkos,1
moq,1
formula,1
uae,1
topik,1
wonosobo,1
telkom,1
university,1
tools,1
dahsyat,1
perrmen,1
pome,1
cuka,1
gingerbon,1
jahe,1
loka,1
exotic,1
mango,1
little,1
star,1
blackcurrant,1
kinder,1
elle,1
vire,1
unsalted,1
farm,1
fork,1
simply,1
asbab,1
regulations,1
mpphm,1
mhms,1
portal,1
rendang,1
lot,1
jarak,1
amal,1
lanjutcheck,1
denmark,1
cumi,1
taiko,1
krez,1
persiapanpersiapan,1
chitato,1
lite,1
tnipolri,1
waktuparuh,1
bumnbumd,1
momogi,1
nut,1
yos,1
choyochoyo,1
berangkat,1
chocolito,1
harvest,1
sudarno,1
lapole,1
sarwendah,1
fiberty,1
bersikukuh,1
qrcode,1
bobatee,1
mutiara,1
tapioka,1
dok,1
kiub,1
pastu,1
apesal,1
korg,1
dahla,1
cedok,1
toppo,1
pretzel,1
vanilla,1
mass,1
wrigleys,1
jacknjill,1
piattos,1
disway,1
dahlan,1
iskan,1
dpdri,1
sultan,1
ferry,1
juliantono,1
menkomdiigi,1
meutya,1
hafid,1
wakapolri,1
komjen,1
johor,1
religi,1
approved,1
dem,1
menampol,1
percumah,1
ganteng,1
manteman,1
den,1
lapeh,1
lauk,1
eksklusif,1
selsun,1
blue,1
narsis,1
parfume,1
graceful,1
elstm,1
pixy,1
fit,1
nahda,1
loveles,1
skintific,1
inklicious,1
touch,1
grip,1
setting,1
watsons,1
scented,1
rosy,1
lips,1
gatsby,1
styling,1
pomade,1
hans,1
jebb,1
cleaner,1
breeze,1
blossoms,1
himalaya,1
since,1
purifying,1
neem,1
amino,1
byebyeteria,1
bacterial,1
gladglow,1
hevea,1
whea,1
retort,1
tang,1
technology,1
innovation,1
hdc,1
teroka,1
abas,1
kasim,1
cipul,1
memaskarkan,1
bersertipikat,1
gerbang,1
erlu,1
nyala,1
insightnya,1
seluasluasnya,1
reseller,1
happy,1
lusin,1
richies,1
diabetes,1
gandos,1
cermat,1
safiya,1
sukar,1
dates,1
mecca,1
widyclinic,1
snow,1
fairy,1
flower,1
vanishing,1
salted,1
spa,1
rainbow,1
pepsodent,1
astachiol,1
madame,1
kojie,1
san,1
hydromoist,1
brightexpert,1
dabe,1
royal,1
pigeon,1
teens,1
pucelle,1
luxe,1
cologne,1
lucent,1
dirglo,1
colagen,1
dewee,1
protect,1
premiere,1
makarizo,1
repair,1
antihair,1
fall,1
defense,1
scalp,1
tonic,1
grya,1
zinc,1
charcoal,1
dojako,1
drwskincare,1
triasmara,1
oily,1
gulir,1
nambahin,1
nunjukkin,1
sestama,1
mandela,1
anzora,1
somethinc,1
diamond,1
phyto,1
stem,1
cell,1
myo,1
nature,1
hydramild,1
falsya,1
glasskin,1
shine,1
dermayu,1
bodiz,1
biotalk,1
elvicto,1
guyss,1
barter,1
kuesioner,1
serifikat,1
bakuchiol,1
calm,1
feel,1
shcosmetics,1
mustika,1
intriguing,1
breylee,1
tree,1
blackhead,1
step,1
fade,1
rice,1
bath,1
prestasi,1
syahila,1
misonells,1
aha,1
amei,1
mattelast,1
ombre,1
kapsul,1
triple,1
teabags,1
kemiry,1
bundle,1
goddesskin,1
physical,1
jaminam,1
concentrate,1
polypeptide,1
probiome,1
acetyl,1
glucosamine,1
algae,1
activating,1
boost,1
implora,1
moist,1
scarlet,1
charming,1
cleanse,1
softly,1
vera,1
lash,1
brow,1
repairing,1
madagascar,1
aminuddin,1
fama,1
beat,1
dews,1
seruni,1
herbaay,1
cicab,1
soothing,1
moisturizer,1
osyin,1
herborist,1
grace,1
seung,1
shellasaukia,1
beauthinc,1
gluta,1
artha,1
ldt,1
ohya,1
rintik,1
stretchmark,1
revive,1
ahn,1
forterex,1
massage,1
antibribery,1
management,1
akredit,1
foodgeneral,1
requirements,1
skim,1
bidik,1
kwt,1
babacauu,1
recap,1
showcase,1
interaksi,1
unjung,1
takat,1
tali,1
tumis,1
spesial,1
ampuh,1
diethy,1
kurus,1
karbo,1
popenjoy,1
nempe,1
snackku,1
frisian,1
flag,1
enggan,1
nibnya,1
antusias,1
ppph,1
tenar,1
lakudan,1
deddy,1
cobuzier,1
podcastnya,1
karirnya,1
khasiat,1
finish,1
malanjutkan,1
sachet,1
candu,1
hadalabo,1
shirojyun,1
whitecelldna,1
naturgo,1
asta,1
amura,1
ageless,1
anissa,1
fitmautami,1
masker,1
safron,1
shinzu,1
jeune,1
fen,1
jolly,1
dipalmitate,1
deviti,1
pionir,1
special,1
nenhong,1
zusa,1
jes,1
transparent,1
elseve,1
hydra,1
filling,1
leave,1
marcks,1
bedak,1
creme,1
evangeline,1
parfum,1
vaporisateur,1
xcm,1
lembek,1
nagasaki,1
mooncake,1
dewasa,1
oleholeh,1
premiumdi,1
gitunya,1
indivdu,1
tiktokshop,1
vouchernya,1
gajah,1
dus,1
beanbag,1
bange,1
halalblm,1
naturals,1
lippy,1
advanced,1
snail,1
mucin,1
luxcrime,1
blur,1
cover,1
buttercream,1
foaming,1
nivea,1
campe,1
kanna,1
cosmetic,1
watermelon,1
juice,1
niacinamide,1
use,1
pyary,1
nalpamara,1
seca,1
renewal,1
mild,1
sisty,1
breast,1
pueraria,1
mirifica,1
jill,1
tacik,1
skoonheid,1
peachy,1
glumevit,1
masyaallah,1
inspiratif,1
berul,1
teori,1
garda,1
kade,1
ujug,1
dibere,1
blok,1
cil,1
brocacho,1
cacing,1
pita,1
kedzaliman,1
haramdiperoleh,1
bolehhalal,1
rahmat,1
cocoklogi,1
tawarruq,1
commodity,1
murabaha,1
aitab,1
silap,1
annisa,1
intrinsik,1
keping,1
pttimah,1
trainer,1
tipetipe,1
ghuluw,1
profitability,1
skdirlppom,1
muixii,1
kerasharam,1
tiang,1
bentangkan,1
penyelesuaian,1
chicken,1
loan,1
cakap,1
safdar,1
redha,1
konon,1
norak,1
egdy,1
ngamuknya,1
loves,1
more,1
anything,1
else,1
kecewa,1
parenting,1
classify,1
taktau,1
pergi,1
ader,1
research,1
personally,1
gapernah,1
ahir,1
setir,1
banking,1
baiinah,1
memfollowsubscribe,1
depend,1
jmlh,1
subscriber,1
bursa,1
cungkring,1
inimah,1
jaddah,1
malsuin,1
haih,1
pelik,1
ingtkan,1
mlysia,1
takyah,1
shopping,1
kene,1
check,1
penatlaaa,1
plislaaa,1
asingkanlaaa,1
ngn,1
kesahlaaa,1
teknology,1
cnggih,1
payment,1
punye,1
cam,1
aussie,1
clarify,1
sume,1
jua,1
finance,1
penambahbaikan,1
slow,1
hiyal,1
another,1
derivatif,1
consume,1
syubhah,1
afdhal,1
serbu,1
nau,1
zus,1
jenama,1
isrel,1
bodohh,1
tiong,1
ghulul,1
klasifikasi,1
amanda,1
ratarata,1
picik,1
pongpong,1
jungkook,1
kancho,1
perilakuperbuatan,1
shariah,1
sahkan,1
bahlil,1
mnyettt,1
nerakaaaa,1
zolim,1
afiliator,1
klien,1
overclaim,1
plagiasi,1
misleading,1
folls,1
creator,1
kasihanproduk,1
countries,1
pungsi,1
makana,1
cecah,1
bloon,1
zakeninget,1
zakentut,1
yordania,1
ridda,1
nekat,1
complexion,1
ramein,1
srael,1
bodat,1
aura,1
rada,1
eummm,1
pembuhan,1
pembully,1
timothy,1
orangtuanya,1
konseptual,1
sosiologis,1
mobile,1
legends,1
fre,1
fire,1
pubg,1
valorant,1
trade,1
synd,1
jossgawin,1
atlanta,1
tasya,1
farasya,1
rismon,1
sianipar,1
komplot,1
yizlumik,1
walhal,1
favorit,1
ibliskafirharam,1
relijiusnya,1
hra,1
dimaklumipikiran,1
jerih,1
padi,1
sigaret,1
kretek,1
mendominasimbatasi,1
agro,1
elok,1
khilafucker,1
hizb,1
tahrir,1
misi,1
ngeclaim,1
legalilegal,1
indonistan,1
benih,1
hwa,1
berbebet,1
bobot,1
allergen,1
kelulus,1
nali,1
bensin,1
makhluk,1
ngoplos,1
ngebikin,1
empanin,1
umkmpkl,1
blio,1
ecowaste,1
gesa,1
madam,1
plaster,1
paras,1
plumbum,1
dibalesnya,1
gawean,1
bari,1
wiridemang,1
wkwkkw,1
mreca,1
kosongsejarah,1
demokrasisemoga,1
lekas,1
bendung,1
map,1
kemenagbaznas,1
limbah,1
knclung,1
dipamerin,1
gajelas,1
ngebunuh,1
nyicipin,1
produkproduknya,1
maneeeeee,1
mejelekin,1
amrozi,1
samudra,1
fulani,1
embargo,1
cuerpo,1
mistaken,1
about,1
nevertheless,1
perbezaan,1
lalu,1
paruparu,1
asupan,1
ghairihi,1
kencang,1
profitnye,1
haluan,1
baikbaik,1
motif,1
koneksi,1
tikai,1
majoriti,1
hanafi,1
maliki,1
hanbali,1
shafii,1
bnm,1
mvave,1
blackbox,1
toped,1
katalisator,1
jka,1
netijen,1
budiman,1
kapitalisingat,1
mustahil,1
rapot,1
swasembada,1
alumni,1
tamat,1
krisis,1
bertahuntahun,1
fiskal,1
kebal,1
salafiathariahli,1
hadith,1
insurans,1
ketidakpastian,1
sebahagian,1
analisanya,1
tamak,1
hei,1
ngebacot,1
jenam,1
faiza,1
gardenia,1
adela,1
kuantitas,1
literasinya,1
slutshaming,1
freen,1
kelurganya,1
bik,1
kontitusiyg,1
kikkuk,1
apaapalagi,1
pendemopasti,1
lahngak,1
diterimanyari,1
trluka,1
sajaitupunklau,1
rasialis,1
rapistkejahatan,1
islamophobia,1
rizki,1
rampok,1
jualbeli,1
maapdeh,1
kieu,1
bunda,1
dibesarkeun,1
ublagna,1
kacida,1
kapar,1
apes,1
akps,1
sel,1
aztrazenecca,1
android,1
windows,1
ipad,1
partikel,1
steinless,1
nampan,1
luput,1
cateringnya,1
pangkal,1
pengkal,1
bor,1
manipulasi,1
rill,1
srek,1
belanga,1
bitcoin,1
induk,1
underlying,1
btc,1
perusahaanya,1
cibir,1
kroco,1
sengsara,1
selubung,1
nyanyi,1
goyang,1
ngebor,1
popularitas,1
infiltrasi,1
hard,1
sell,1
selip,1
best,1
maknan,1
dimazulkan,1
cafenya,1
awarness,1
mbanking,1
atm,1
emoney,1
realistis,1
insyallah,1
primitif,1
bacot,1
lipbu,1
ngaruhwong,1
sewot,1
kpop,1
downfall,1
pcrdna,1
spektrometri,1
kromatografi,1
ust,1
komputer,1
khaybar,1
huruf,1
cryptod,1
sombong,1
skill,1
produktif,1
mantengin,1
hape,1
zionistkamu,1
jastipnya,1
beliinnya,1
direfund,1
bon,1
dipercayaaoalgi,1
kapablitas,1
guduk,1
tabung,1
manufaktur,1
tank,1
dst,1
kepastiandan,1
laknat,1
talentnya,1
dipakein,1
busana,1
nuansa,1
macammacam,1
taktik,1
lakon,1
kitkat,1
kerumit,1
dikiritik,1
dibypass,1
benerkan,1
bhineka,1
tunggal,1
ikauud,1
freedom,1
manusiavsmanusia,1
manuisa,1
hkm,1
gambut,1
isrewel,1
musuh,1
wfp,1
ganja,1
kanakkanak,1
panik,1
bobol,1
binance,1
sharia,1
alatteknologi,1
reptil,1
buaya,1
taring,1
ekspedisi,1
bocor,1
mengkontaminasu,1
seleweng,1
made,1
fnya,1
sukhoi,1
fleksibel,1
custom,1
perangkat,1
telekomunikasi,1
bidah,1
demokrasisetelah,1
iqdam,1
restu,1
katena,1
almukarom,1
aagym,1
selametan,1
mawur,1
teko,1
akaltak,1
selebriti,1
dadahkalau,1
pelikruparupanya,1
haramperniagaan,1
merosakkan,1
bangsaeloklahlah,1
bangang,1
gian,1
sendu,1
haagen,1
daz,1
ude,1
dimn,1
denda,1
style,1
lexy,1
mastiin,1
nyuci,1
memk,1
dintot,1
tipe,1
nyenyenyenyein,1
dikomersilkan,1
mmenuhi,1
wudhu,1
joki,1
nyariin,1
buntu,1
keburu,1
datasetku,1
tolongin,1
agens,1
waran,1
geledah,1
farmaseutikal,1
buzzing,1
trtulis,1
fufu,1
fafa,1
korbansifat,1
nir,1
etikasgt,1
brbahaya,1
ngebuzzer,1
manhaj,1
meng,1
bangkrutkok,1
palah,1
bangkrutanjing,1
sembayang,1
tendang,1
now,1
embat,1
melokalisir,1
regulasiaturan,1
areal,1
fitrah,1
hee,1
pisss,1
waduhjenis,1
yuupzmet,1
ceria,1
gaessamiin,1
hahahahahahahah,1
pend,1
ukung,1
teorisme,1
warmonger,1
didogmatisasi,1
konsonan,1
enerhi,1
cuih,1
desainer,1
promotor,1
grafis,1
editor,1
planner,1
gapunya,1
resisten,1
isuisu,1
ampat,1
ganyangka,1
teologterpelajar,1
dur,1
spesies,1
gandahalal,1
kebutuuhan,1
mrekatinggal,1
kapirdan,1
sbagian,1
kapiradalah,1
harammnrt,1
jahiliah,1
presidential,1
treshold,1
ngemis,1
klenteng,1
wihara,1
imlek,1
khutbah,1
ngerokok,1
pelan,1
kwkwkw,1
khabits,1
toyyiban,1
such,1
rantau,1
satire,1
bangetproduk,1
halalwkwkwkwk,1
loncat,1
pagar,1
ngok,1
upload,1
follow,1
ngesave,1
bookmark,1
ngapa,1
halalsdhlah,1
kentut,1
buzerrstigma,1
ternakx,1
bebal,1
telunjuk,1
dangg,1
bruntusan,1
apkh,1
trsbt,1
shade,1
teracotta,1
cipok,1
wkwokw,1
gdak,1
rose,1
calming,1
genderuwo,1
sawer,1
kunti,1
truuuus,1
alahalah,1
daki,1
garuk,1
balas,1
halus,1
jkw,1
getol,1
haramharam,1
kabur,1
pecat,1
caesar,1
jokoeo,1
reset,1
suruhanjaya,1
multimedia,1
es,1
whatsapp,1
point,1
nabrakin,1
kmuu,1
dugem,1
makannannya,1
tod,1
dek,1
blogspot,1
duadua,1
straight,1
scene,1
softporn,1
dekade,1
mantab,1
presisi,1
kobok,1
obok,1
gielbran,1
ugm,1
lalap,1
pinjamputar,1
rolls,1
roycebentley,1
kafirzionis,1
isteri,1
umbar,1
bermudahmudah,1
kelaz,1
yamal,1
bossss,1
hama,1
virus,1
dinamis,1
cahari,1
badmood,1
prabski,1
buna,1
dikatakatain,1
ngeboikot,1
celana,1
cingkrang,1
cadar,1
berprikemanusiaan,1
digoblokgoblokin,1
sumpel,1
financial,1
flownya,1
metana,1
afdhol,1
science,1
klub,1
banyaksalah,1
dogma,1
leluhur,1
tandus,1
hujat,1
ausy,1
produkmakanan,1
responsible,1
dimainin,1
permissive,1
plinplan,1
etnis,1
gugur,1
nyentu,1
dludi,1
sdhkah,1
mngajarkan,1
berlesen,1
transfer,1
buy,1
dapetnya,1
berfikirnya,1
substansi,1
widoran,1
spesifikasi,1
intiny,1
mempermasalahkn,1
gamblang,1
mengkonsumsimya,1
tdb,1
selagi,1
gubal,1
rang,1
barangan,1
antarabangsa,1
jarene,1
kuwi,1
dinggo,1
kremesanne,1
ayame,1
gumun,1
nggoreng,1
sibungbung,1
ignorant,1
sebagianbahkan,1
gugel,1
nyetok,1
backpakeran,1
produkbahan,1
halaljp,1
smacamnya,1
konbini,1
dikabarin,1
publikasi,1
podo,1
gamungkin,1
superindo,1
kitchen,1
prabot,1
teknik,1
toyyibah,1
kabita,1
amang,1
cikohol,1
rusia,1
lps,1
btol,1
promot,1
femes,1
dsuperstore,1
input,1
outputnya,1
naudzubillah,1
baily,1
irish,1
kahlua,1
tokpoki,1
ketidakjujuran,1
nenek,1
moyang,1
wiwitan,1
kasar,1
komsumsi,1
eksplisit,1
protein,1
nderek,1
mawon,1
sesustaz,1
kremesannya,1
carik,1
blanket,1
referencenya,1
tokotempat,1
nonhalalharam,1
abuabu,1
dibelididapat,1
olahanproduk,1
yamasuk,1
catet,1
betuul,1
walahkalo,1
harambodo,1
senyawa,1
lebelisasi,1
netral,1
haluslicik,1
kelabu,1
laun,1
naudzubillahi,1
mindzalik,1
thoyyiban,1
buletin,1
heri,1
muffin,1
cookiesku,1
lesitin,1
wercok,1
gendud,1
ukurpikir,1
konstitusipembiarankan,1
produkkajian,1
habibie,1
sutrisno,1
budiono,1
regionalinternasionalglobaljudol,1
kwalitas,1
barbagai,1
apbn,1
congor,1
semuaitu,1
pasaransaran,1
dibelikebanyakan,1
dimna,1
halalberagamamu,1
menjilatmenjijikan,1
standartnya,1
remang,1
perkosa,1
usah,1
dsbperlu,1
ituperlu,1
produknyakrn,1
fitur,1
aesthetic,1
dibully,1
depresi,1
jerawat,1
jelah,1
detect,1
jiran,1
debt,1
coll,1
lonte,1
utang,1
tagih,1
shariacompliant,1
pandemi,1
pertanyannya,1
front,1
haramtiba,1
letup,1
something,1
wrong,1
lakdg,1
pump,1
tautau,1
affiiate,1
atiati,1
tusuk,1
purnawirawan,1
ambal,1
jutatahukah,1
duniadari,1
billion,1
billiontak,1
tebuk,1
atap,1
swap,1
yuran,1
akaun,1
islamik,1
sis,1
azhar,1
idrus,1
rompaktiruan,1
fake,1
danqnya,1
hayday,1
sekutu,1
merbahaya,1
dipikirkin,1
bajitol,1
dongo,1
sdoank,1
culik,1
aktivia,1
konstirusi,1
acap,1
bolong,1
uunya,1
zulkifli,1
insurance,1
awai,1
menetili,1
dokument,1
bahagian,1
payout,1
lin,1
nyawa,1
komoditas,1
bedebah,1
nyampaiin,1
israelsekutunya,1
sosok,1
disidak,1
kedah,1
menguatkuasakan,1
jerat,1
kepam,1
waspada,1
muhdi,1
fpkb,1
nakal,1
hakiki,1
sendiriharusnya,1
tumbal,1
obatx,1
steril,1
lumur,1
woyyybelajarx,1
digoblokin,1
setanx,1
negrism,1
babilo,1
mksa,1
babinyalahin,1
mentribloonnnnkl,1
betapa,1
sekongkol,1
aduhaiii,1
pacu,1
kala,1
dada,1
trlibat,1
stempelin,1
srtifikat,1
nonmakanan,1
tvone,1
broadcast,1
lamar,1
palakin,1
ngerembet,1
astagfirullahaladhim,1
kolesom,1
mamin,1
maksimum,1
skip,1
disoalin,1
labelproduk,1
lets,1
dobel,1
india,1
frame,1
pekerti,1
glycerin,1
carmine,1
palmitic,1
mahzab,1
ditilep,1
caricari,1
huawei,1
jantung,1
detak,1
menkonsumsi,1
trr,1
ask,1
ans,1
telkomsel,1
vatikan,1
pang,1
gital,1
trading,1
mahar,1
sdit,1
jsit,1
skandal,1
terlibatdan,1
maestro,1
protection,1
max,1
bantuin,1
ortu,1
spouse,1
marleting,1
limited,1
tks,1
aikkk,1
poligami,1
obvious,1
egois,1
ortunya,1
gundik,1
gtw,1
stupid,1
ecosystem,1
masy,1
tel,1
komersialisasi,1
sahur,1
dimarketingin,1
reviewnya,1
dusta,1
betooool,1
ngonsumsi,1
madepaker,1
tante,1
durasi,1
valentine,1
dong,1
walaun,1
ret,1
popular,1
dhohir,1
umumiyah,1
mmm,1
tepuk,1
pujipujian,1
oportunis,1
referensi,1
fardhu,1
ain,1
gelato,1
finally,1
querynya,1
wadiw,1
oii,1
mknn,1
general,1
knowledge,1
xperlu,1
put,1
expectations,1
manufacturer,1
menyihatkan,1
budak,1
again,1
pepsico,1
based,1
religion,1
lifebuoy,1
sunsilk,1
dove,1
pantene,1
gembong,1
provaksodom,1
wake,1
ketibaab,1
alhasil,1
brew,1
coca,1
tian,1
jurnalisme,1
sedangangkan,1
ogahogahan,1
either,1
petas,1
kafer,1
inteligen,1
mknan,1
progresif,1
ngesales,1
minus,1
thats,1
built,1
pantek,1
aja,1
nyantai,1
sodium,1
bodohhh,1
nabung,1
cerai,1
gempa,1
fitri,1
ambassador,1
tunduk,1
bisik,1
jahanammaka,1
tuduk,1
nyaetaaaa,1
nonalkohol,1
angger,1
ramuanya,1
wallahua,1
lam,1
spektrum,1
posko,1
gawat,1
ramadhan,1
nurul,1
askar,1
tawan,1
benua,1
mentaliti,1
enjin,1
lcs,1
upnm,1
terika,1
barua,1
kewirausahaan,1
apasih,1
dbkl,1
aras,1
rebak,1
kwp,1
tunggang,1
perekutan,1
woy,1
replyku,1
julid,1
nyimpulin,1
maksutkuu,1
ftir,1
zatkandungan,1
nyinggung,1
wuyyy,1
isrwl,1
kecoh,1
borok,1
estate,1
misoginis,1
laindering,1
sahaje,1
bwh,1
komisen,1
projek,1
tebat,1
zmn,1
pmx,1
razarudin,1
husain,1
besarbesaran,1
siapa,1
konfirm,1
nampilin,1
dicekot,1
parti,1
paling,1
suntik,1
naif,1
track,1
record,1
wowo,1
wiwi,1
diikutin,1
hahahaaa,1
haramngarangogi,1
berinan,1
takabur,1
merekagitu,1
ayoookk,1
hiduuppp,1
kafiiirrr,1
mnnews,1
mukjizat,1
scam,1
along,1
logik,1
tibatiba,1
ketek,1
feeling,1
sial,1
higenis,1
puasa,1
emulsifier,1
dimntain,1
panja,1
banteng,1
ngawasin,1
efectnya,1
wardaaah,1
apparently,1
raw,1
dipastiin,1
kristal,1
biologis,1
wapresnya,1
nafkah,1
hasrat,1
scammer,1
zuriat,1
teddy,1
meritokrasi,1
selundup,1
cancel,1
aktor,1
sosmed,1
foll,1
iklanin,1
kolektif,1
worship,1
syuliit,1
taupaham,1
rayap,1
ampuuuun,1
jokorup,1
hayoooo,1
liter,1
bds,1
guardian,1
turkey,1
hamcheese,1
harith,1
senda,1
jenaka,1
direksi,1
mart,1
basically,1
kelligs,1
alkoholetanol,1
feenya,1
aqiqahnya,1
gelud,1
tqpi,1
magrib,1
bolehboleh,1
ngabisin,1
kudunye,1
diawasin,1
jumlahnye,1
ciprat,1
oops,1
ribaharam,1
berteletele,1
hijabers,1
kesel,1
hairnet,1
spg,1
security,1
pinjo,1
legislatif,1
unh,1
pelepor,1
mimbar,1
jambi,1
nargetin,1
install,1
telpon,1
pukimak,1
firaun,1
pepek,1
bajak,1
nyabu,1
wasalam,1
fdi,1
waste,1
biliyun,1
kanto,1
kdnk,1
sespele,1
deserve,1
sekte,1
hti,1
local,1
apparel,1
oem,1
libas,1
swastanisasi,1
boneka,1
imperialisme,1
die,1
hardnya,1
konstitusimasih,1
timeline,1
mentemen,1
nyalon,1
sakeno,1
mean,1
maluin,1
bidadari,1
hell,1
qualified,1
waswas,1
ngeyel,1
sertifnya,1
pnjualnya,1
melakulan,1
ribawi,1
efisiensi,1
beler,1
ngangngong,1
lucunyasemua,1
haramwkwkkwrakyat,1
drmana,1
jadikl,1
najispenamaan,1
aqkakwok,1
sunat,1
kalo,1
sulap,1
salabim,1
editorial,1
draft,1
disorotikan,1
lambanglambang,1
produck,1
geli,1
kerudung,1
sprei,1
gorden,1
lampu,1
selimut,1
berlombalomba,1
halalkosher,1
basic,1
chemical,1
tahutidak,1
sertifikasibtetep,1
baram,1
mengembangbiakkan,1
clostridium,1
botulinum,1
mikroba,1
genetika,1
gen,1
gocek,1
dapetdipersulit,1
hokahoka,1
aampw,1
fizza,1
setfiikat,1
nyati,1
atao,1
ngepromosiin,1
gacor,1
boyy,1
adikadik,1
olx,1
buas,1
tuntun,1
maytah,1
muilppom,1
nonhalalnya,1
skck,1
wkwkwkland,1
mknnan,1
mknnya,1
cekikik,1
hegemoni,1
imigran,1
durhaka,1
has,1
batang,1
betedar,1
konci,1
sorga,1
sorganeraka,1
duli,1
bloonnya,1
sekuler,1
nugasin,1
ngelayanin,1
multikultural,1
heterogen,1
jinayah,1
sempurna,1
diperhatiin,1
ngelanggar,1
penguruspengurusnya,1
perkaraperkara,1
batil,1
karuan,1
maksimalin,1
renovasi,1
enteng,1
kiblat,1
lost,1
hope,1
country,1
dipertahanin,1
menuliskanperingatan,1
brebes,1
nerobek,1
stailes,1
imanuel,1
ebener,1
suami,1
gkgkgk,1
lnjut,1
disna,1
lagipula,1
hisab,1
azab,1
cukup,1
berubahubah,1
toilet,1
facewash,1
ssnya,1
prabs,1
diharepin,1
bukhari,1
yakali,1
fesyen,1
masalahin,1
marketingnya,1
skincaremake,1
dibelidipake,1
koenjie,1
satuts,1
intoleran,1
wkwkwkwkwkwk,1
benerharam,1
kamj,1
base,1
mental,1
nimbrung,1
xai,1
jurnal,1
mdpi,1
production,1
methods,1
hplc,1
ucl,1
semalem,1
gapaham,1
nurunin,1
mahram,1
shrsnya,1
nkn,1
kenyataanya,1
karyawannya,1
kremesenya,1
seluler,1
ayamdaging,1
kasaptoko,1
sandang,1
naroh,1
tulisanlogo,1
kata,1
lrt,1
nasrengnya,1
lidah,1
bimbel,1
ancen,1
ulamane,1
kok,1
pejabate,1
telo,1
rakyate,1
gelem,1
kombinasi,1
gaslight,1
clueless,1
halamharam,1
taroh,1
dimsum,1
gez,1
nihil,1
posting,1
langsun,1
akalyg,1
ame,1
ifanca,1
nanyaaaaaaaaaaaaaaa,1
bagika,1
dibnding,1
sands,1
eyelash,1
extensions,1
istri,1
tracking,1
pertanyaanya,1
industrialisasi,1
labelsertifikasi,1
mkanan,1
tapiiiii,1
buset,1
pajang,1
tbtb,1
cuy,1
ditempelin,1
duid,1
cemana,1
think,1
bejana,1
tisik,1
ditraining,1
pintas,1
suzon,1
riceknya,1
kontinyu,1
klpun,1
waskat,1
kmungkinan,1
salahgunakan,1
raguuu,1
giving,1
kelen,1
tertrigger,1
diapus,1
plang,1
kwkwk,1
dzalim,1
rajalela,1
asesor,1
wkwkwkk,1
nek,1
gawe,1
pengajuane,1
tha,1
tok,1
labeling,1
akalakalan,1
skizo,1
akulturasi,1
ntb,1
pmrinth,1
indonsia,1
justifikasi,1
operator,1
cobo,1
mlaku,1
neng,1
walopun,1
hara,1
size,1
diqrt,1
indonedia,1
malakin,1
ayal,1
tabiatkebiasaan,1
ownerperusahaan,1
jala,1
mendapatkanya,1
bene,1
official,1
nyontek,1
unofficial,1
uncertified,1
alatkemasan,1
nutrisi,1
jmlhnya,1
ang,1
negriku,1
harampungli,1
ubu,1
lele,1
mumet,1
maksdunya,1
katakata,1
selfproclaim,1
pingpong,1
berkalikali,1
inform,1
mmmm,1
inspeksi,1
kayane,1
sertifikasicaplabel,1
jajane,1
ditnya,1
ngutang,1
almaz,1
petinggi,1
heheheheheheheh,1
fair,1
hallal,1
tub,1
nonahli,1
bebek,1
problematika,1
ngedorong,1
psikologis,1
minder,1
whatt,1
rootbeer,1
rootbeernya,1
biwr,1
moots,1
consider,1
translate,1
englishnya,1
frimitip,1
embg,1
mekdi,1
diktkn,1
nhaikal,1
tibul,1
kapok,1
occrp,1
syubat,1
probis,1
alo,1
ati,1
ituhalal,1
turunhapuskan,1
gratishanya,1
nenambah,1
mnsnya,1
pensertikat,1
numpang,1
produkteknologimasalah,1
kwatirnya,1
badokgk,1
etitut,1
mendikdasmen,1
bisikin,1
canda,1
breadtalk,1
rampd,1
halalutk,1
menyatakanproduk,1
tersebutbahanbakunyaterbebas,1
darikandungan,1
unsurbabiserta,1
bermanfaatbagi,1
umatyg,1
mengharamkanbabiatuh,1
harambagi,1
andabisajadi,1
halalbagi,1
eslam,1
dipakainnya,1
pestisida,1
wereng,1
ulat,1
grayak,1
gulma,1
kangkang,1
basmi,1
sajadah,1
pokone,1
indonesie,1
mungkin,1
hirup,1
tao,1
kampret,1
terdahulubiar,1
baiklin,1
onemed,1
lek,1
agomo,1
iku,1
ombenombenan,1
untal,1
lan,1
diglogok,1
thok,1
dipersilaken,1
kacau,1
ikadin,1
idi,1
praktekbya,1
mrpk,1
cerna,1
cocokologi,1
pig,1
imbang,1
produkbrand,1
std,1
spec,1
diobrak,1
abrik,1
korelasi,1
rit,1
jiga,1
sepak,1
copot,1
banyakhalal,1
lainnyasertifikasi,1
ngambilnya,1
menggudakan,1
copyright,1
gimmick,1
didu,1
ditaikan,1
devinisi,1
jaka,1
sembung,1
pnh,1
ludah,1
insentif,1
reach,1
marketnya,1
tiren,1
zatzat,1
aditif,1
formalinboraxmercury,1
lidi,1
adiktif,1
segmen,1
laaaa,1
harampork,1
institusisertifikasi,1
oposisi,1
jenisy,1
batubara,1
nikel,1
laaa,1
realisasi,1
muslimrujukan,1
lalalanya,1
abcdexyz,1
dimanaa,1
karbon,1
nanggung,1
eliminasi,1
haramgimana,1
ngulik,1
warkop,1
barusan,1
skirt,1
renang,1
bra,1
dangdut,1
purel,1
bini,1
kram,1
pundi,1
siagian,1
bagusrangin,1
badak,1
memperjualbelikan,1
lainlain,1
negarasoalnya,1
semu,1
gelut,1
mencontohkanmenghalalkan,1
logicnya,1
lantang,1
ngejelimet,1
jari,1
ket,1
mbiyen,1
endonesah,1
idu,1
bol,1
dobol,1
masyarakatnys,1
giur,1
sbtulnya,1
sepakatnegara,1
mayo,1
halalnah,1
haramkrn,1
gakarab,1
gratifikasi,1
dijualbelikan,1
bmgn,1
japanesse,1
mlanggar,1
atasnamakan,1
kesandung,1
ngechecknya,1
bagaimanabuat,1
serampang,1
taking,1
ingredientnya,1
hompimpa,1
gbs,1
halalduit,1
pater,1
ttapi,1
aplgi,1
bertanyatanya,1
usulin,1
teloransi,1
menafikkan,1
trik,1
samar,1
elah,1
khmer,1
effort,1
kebiri,1
take,1
napsu,1
hanjeng,1
sengkarut,1
kisruh,1
bejibun,1
sinipaham,1
knsynt,1
gonggong,1
quota,1
harammaksiat,1
ttik,1
korupsisemuanya,1
munafikun,1
wkwkwkw,1
klean,1
mnrut,1
udaaahhhh,1
sajatoh,1
tatanan,1
habaibgempur,1
tape,1
some,1
reason,1
assesment,1
menagudah,1
haramklo,1
wislah,1
berkordinasi,1
namanama,1
takeover,1
hawiyah,1
setia,1
fanatik,1
pakat,1
esensialperasa,1
mirip,1
sertifikasitunjukkan,1
klhalal,1
bisalo,1
nyembekih,1
cumamencari,1
tidakhalalamana,1
netizen,1
jagab,1
meka,1
bumper,1
dra,1
susiyanti,1
kontener,1
boxnya,1
sparepart,1
organisme,1
sparepartnya,1
sake,1
ngelak,1
yokpoh,1
biksu,1
antri,1
ngertinya,1
paradigma,1
halah,1
mark,1
forbid,1
importnya,1
kapir,1
tuhhbs,1
ngedate,1
ygy,1
dua,1
sekeluargasanak,1
saudar,1
mujair,1
papa,1
ngecat,1
icmi,1
cukur,1
alis,1
cwiww,1
dikomersialin,1
realitanya,1
ssaya,1
husssshh,1
serfikat,1
rakyattapi,1
biodata,1
emak,1
juga,1
pernakah,1
ucapkab,1
bentur,1
ttd,1
suuusaahhh,1
berkasberkas,1
toren,1
dikomsumsi,1
gajoan,1
cimory,1
starwberry,1
why,1
calon,1
melu,1
dapetinya,1
terkadang,1
trap,1
ngewajibin,1
subyek,1
intelejensi,1
bamyaknya,1
lagu,1
sampul,1
mestinyakan,1
penyembelihanya,1
sgala,1
hajat,1
robot,1
duwit,1
byknya,1
bersliweran,1
ceper,1
bijimana,1
memble,1
siram,1
munafike,1
hammer,1
telor,1
kontaminan,1
mesjid,1
nyumbang,1
nyolongnya,1
trnyt,1
dibedain,1
uap,1
petrolatum,1
diceramahin,1
mhs,1
phd,1
makruf,1
halalya,1
dengaan,1
gacuma,1
domg,1
seinget,1
bahannyang,1
dannsemua,1
raisin,1
esense,1
timoransa,1
nabatigluten,1
puyeng,1
chordata,1
echinodermata,1
disonansi,1
kognitif,1
kirakira,1
ipk,1
packaging,1
propylene,1
glycol,1
tsi,1
sin,1
pangankonsumsi,1
tindih,1
privat,1
njlimet,1
nonalkoholnya,1
tetepi,1
haramtasyabuh,1
makananmakanan,1
tida,1
baikmasih,1
taruh,1
sekali,1
eeeh,1
buzzerp,1
tuips,1
tmpat,1
komplain,1
muncung,1
xixixi,1
prinsipal,1
halaltrs,1
jujurblg,1
tikustrs,1
kitajadi,1
halalmenjamin,1
halalkalau,1
cuanin,1
muslimm,1
dairy,1
halalbisa,1
akuuuu,1
pov,1
nganggep,1
untu,1
babiharamthn,1
kodokswikebutuh,1
silaen,1
mempan,1
khongguan,1
perkasa,1
masya,1
teleological,1
perihal,1
ushuluddin,1
epistema,1
bangkrut,1
hence,1
bonyok,1
stadbukan,1
muskim,1
leboh,1
jis,1
hihihi,1
lompat,1
serifikasi,1
kerepot,1
sanasini,1
medis,1
khilaf,1
doble,1
kroni,1
voluntary,1
modifikasi,1
sintesis,1
identifikasi,1
syubuhat,1
mengharamkanya,1
ennergi,1
tsbt,1
senayan,1
brunei,1
thd,1
peyoratif,1
objek,1
hotdog,1
nderr,1
daftarin,1
organisasitempat,1
babiminum,1
halaharamnya,1
birokrat,1
dikroscek,1
nakanan,1
miris,1
bknnya,1
proclaim,1
fear,1
mongering,1
sinyalir,1
biawak,1
codot,1
minuma,1
begul,1
siobak,1
bipang,1
beechenghiang,1
golden,1
tyt,1
kerang,1
tirani,1
blablabla,1
contd,1
ngebiayaain,1
meh,1
lagifyi,1
mention,1
yuhuuu,1
kooperatif,1
ngolesin,1
ikanayam,1
ngancurin,1
visioner,1
gonna,1
franchise,1
pale,1
outletfranchise,1
absurd,1
herann,1
penduduknyaa,1
halalga,1
kulkasalat,1
lewat,1
diposting,1
islamsoal,1
reminder,1
bersatandar,1
anyway,1
diskriminatif,1
sendi,1
dolo,1
karsim,1
catalan,1
pongah,1
mahkamah,1
tom,1
lembong,1
madura,1
rengasdengklok,1
songong,1
cebokin,1
ngibul,1
temenku,1
azerbaijan,1
expert,1
gemas,1
acc,1
dikontenin,1
olok,1
vietn,1
wkakakaka,1
hmmm,1
bab,1
ngenyek,1
foodcourt,1
disalahin,1
include,1
babialkohol,1
didebatin,1
nyampur,1
sebenrnya,1
long,1
life,1
learner,1
course,1
pretest,1
tonggak,1
mooochii,1
pelopor,1
mochi,1
loyal,1
shoma,1
barcode,1
labilabi,1
goes,1
consuming,1
gaes,1
nomoremail,1
certificate,1
asalusul,1
iot,1
supply,1
chain,1
preventif,1
fraud,1
squalene,1
hiu,1
jdinya,1
beliii,1
bop,1
tiup,1
frozen,1
bun,1
wis,1
halale,1
mbe,1
onigiri,1
anggep,1
fest,1
yoga,1
donor,1
samsat,1
stadion,1
total,1
ipal,1
albarraa,1
kadisperindag,1
noerhono,1
kajari,1
kerjasamanya,1
hatur,1
diberitahukan,1
panggil,1
busettt,1
pemkab,1
tanjung,1
perangkap,1
prnting,1
kursus,1
beasiswa,1
taj,1
yasin,1
duwik,1
templek,1
beraniin,1
mak,1
juz,1
dimudahin,1
canggih,1
penetrasi,1
diperolehsemua,1
team,1
demand,1
minsemoga,1
bolak,1
urur,1
share,1
castamer,1
inshaallah,1
framtisan,1
macro,1
parigi,1
dedeeee,1
tlonk,1
jawap,1
aya,1
columa,1
berapa,1
kredit,1
nuhun,1
sabandungeun,1
ngene,1
konsesi,1
nanyain,1
diaaaaa,1
discuss,1
umpat,1
wakanda,1
living,1
expenses,1
yug,1
jualin,1
pls,1
idatul,1
hasanah,1
satminkal,1
bppp,1
ambon,1
hectic,1
tode,1
kemrungsung,1
cireng,1
love,1
planet,1
sls,1
waalaikumsalam,1
warahmatullahi,1
batuk,1
komix,1
waswaskhawatir,1
nice,1
menguatka,1
agusyudhoyono,1
pondasi,1
integrasi,1
merubali,1
jembatan,1
langkahlangkah,1
konkrit,1
jitu,1
lelah,1
gaskeunn,1
multisektor,1
terimaksih,1
membangu,1
costumer,1
maksimal,1
dobgkrak,1
aksea,1
grow,1
benteng,1
ama,1
transparasi,1
ajinomoto,1
yamazaki,1
batin,1
menlunya,1
ibadat,1
mendagri,1
menperindag,1
istihalah,1
empiris,1
konsensus,1
kritikus,1
overreaching,1
organik,1
tracing,1
siapsiap,1
ditanyain,1
ijma,1
bijibijian,1
mineral,1
zina,1
lelucon,1
cita,1
call,1
pacar,1
tahtanya,1
rubuh,1
heheheehehehh,1
waahh,1
petisi,1
salip,1
kfcmcdburger,1
lueng,1
bata,1
similar,1
perpu,1
akuntan,1
qris,1
smenjak,1
daftrkan,1
lancur,1
software,1
produkt,1
scanning,1
detikcom,1
protokol,1
stall,1
agreement,1
eradikasi,1
aksesori,1
diversifikasi,1
cuann,1
music,1
betah,1
weekend,1
hangout,1
pal,1
dinkopumdag,1
siola,1
hasanatas,1
ksp,1
amdal,1
mutualan,1
aan,1
balang,1
yulianor,1
meeting,1
kepul,1
sekba,1
samcan,1
panitianyaa,1
lebur,1
verified,1
selfdeclare,1
verification,1
jamina,1
kesini,1
bator,1
vit,1
leci,1
asam,1
snacks,1
masarin,1
social,1
place,1
breaking,1
perumda,1
pjph,1
sumenep,1
ellak,1
lenteng,1
genjot,1
sosialisanya,1
pelajarin,1
ilpang,1
toksikologi,1
unrelated,1
coolyah,1
expired,1
jember,1
purwokerto,1
magelang,1
marugame,1
udon,1
diskominfo,1
ichiran,1
wew,1
lembah,1
colol,1
ikon,1
manggarai,1
kalteng,1
raksasa,1
tikar,1
pengagguran,1
yen,1
yaahmenurutku,1
much,1
tekstur,1
istirahat,1
indonesiabpjph,1
kompromi,1
celah,1
verifikator,1
religius,1
dppkp,1
dpkp,1
visitasi,1
jemput,1
laman,1
helm,1
bobibos,1
hccp,1
thread,1
revisi,1
omset,1
husnuzon,1
salamet,1
burhanudin,1
haru,1
makanmakan,1
sutei,1
halalnutrisi,1
rambat,1
sumur,1
parumahan,1
ngira,1
longgar,1
netanyahu,1
united,1
arus,1
scan,1
satusatunya,1
quarry,1
jtproduk,1
changer,1
chuzaemi,1
ppnbappenas,1
peta,1
nutrition,1
tkdn,1
ootoya,1
lawi,1
upgrade,1
sobmat,1
theres,1
tomorrow,1
kong,1
pempek,1
dont,1
worry,1
sticker,1
oiya,1
ril,1
illit,1
around,1
transport,1
pemrosesan,1
dapar,1
grgr,1
rodjo,1
comeback,1
crac,1
universal,1
innalillahi,1
kwitang,1
uya,1
kuya,1
roy,1
suryo,1
dompet,1
pangku,1
maulana,1
malik,1
tuban,1
narkoboy,1
materiil,1
astita,1
mbin,1
declair,1
libtard,1
ngehalalalin,1
malum,1
addin,1
dharurah,1
qathi,1
ribett,1
yulia,1
kesalahpahaman,1
malteng,1
eek,1
tinja,1
der,1
dom,1
updatenya,1
ateez,1
mikrokecil,1
hmmmm,1
apki,1
pulp,1
jiexpo,1
patah,1
dokumentasi,1
santun,1
yatim,1
beres,1
dijawirkan,1
gong,1
solaria,1
semarak,1
hori,1
bea,1
bimtek,1
yusmiati,1
lsh,1
isnu,1
dangat,1
terobos,1
networking,1
offline,1
hehe,1
sku,1
halalreg,1
hljpproduk,1
halaldgn,1
kalngn,1
then,1
gion,1
zonk,1
sumpaaaaa,1
rahmadisunoko,1
aci,1
setda,1
teme,1
cukuh,1
balak,1
ngerjain,1
itungannya,1
rakor,1
sekda,1
ipdn,1
jatinangor,1
kur,1
ketengakerjaan,1
trustharus,1
alasantidak,1
mindset,1
sekitar,1
patroli,1
diskumperindag,1
huluhilir,1
marketimg,1
sterilisasi,1
helat,1
jigja,1
yogya,1
